file,satisfiable,total_time,calls,unit_props,literal_choices,max_depth,backtracks,conflicts,heuristic_time
puzzle_500.cnf,SATISFIABLE,0.003119945526123047,66,64,1,65,0,0,0.00017400000000000054
puzzle_28.cnf,SATISFIABLE,0.003227710723876953,66,64,1,65,0,0,0.00013400000000000217
puzzle_266.cnf,SATISFIABLE,0.0028438568115234375,66,64,1,65,0,0,0.00012999999999999817
puzzle_272.cnf,SATISFIABLE,0.0028388500213623047,66,64,1,65,0,0,0.00013599999999999723
puzzle_514.cnf,SATISFIABLE,0.0028030872344970703,66,64,1,65,0,0,0.00014300000000000423
puzzle_14.cnf,SATISFIABLE,0.002938985824584961,66,64,1,65,0,0,0.00013399999999999523
puzzle_528.cnf,SATISFIABLE,0.003481149673461914,66,64,1,65,0,0,0.00015300000000000036
puzzle_299.cnf,SATISFIABLE,0.0027892589569091797,66,64,1,65,0,0,0.00013200000000000017
puzzle_702.cnf,SATISFIABLE,0.002686023712158203,66,64,1,65,0,0,0.00011800000000000005
puzzle_716.cnf,SATISFIABLE,0.0027036666870117188,66,64,1,65,0,0,0.00013699999999999823
puzzle_919.cnf,SATISFIABLE,0.0026607513427734375,66,64,1,65,0,0,0.00011600000000000499
puzzle_925.cnf,SATISFIABLE,0.002891063690185547,66,64,1,65,0,0,0.00013900000000000023
puzzle_931.cnf,SATISFIABLE,0.002610921859741211,66,64,1,65,0,0,0.00011800000000000699
puzzle_110.cnf,SATISFIABLE,0.0035047531127929688,66,64,1,65,0,0,0.0001239999999999991
puzzle_676.cnf,SATISFIABLE,0.002719402313232422,66,64,1,65,0,0,0.00013299999999999423
puzzle_662.cnf,SATISFIABLE,0.002850770950317383,66,64,1,65,0,0,0.00013699999999999823
puzzle_104.cnf,SATISFIABLE,0.0026717185974121094,66,64,1,65,0,0,0.00013199999999999323
puzzle_892.cnf,SATISFIABLE,0.002686023712158203,66,64,1,65,0,0,0.0001250000000000001
puzzle_5.cnf,SATISFIABLE,0.0027091503143310547,66,64,1,65,0,0,0.00011600000000000499
puzzle_886.cnf,SATISFIABLE,0.0025849342346191406,66,64,1,65,0,0,0.0001239999999999991
puzzle_138.cnf,SATISFIABLE,0.002711772918701172,66,64,1,65,0,0,0.00011900000000000799
puzzle_879.cnf,SATISFIABLE,0.0035228729248046875,66,64,1,65,0,0,0.00013799999999999923
puzzle_689.cnf,SATISFIABLE,0.0025599002838134766,66,64,1,65,0,0,0.0001239999999999991
puzzle_851.cnf,SATISFIABLE,0.0026502609252929688,66,64,1,65,0,0,0.00011500000000000399
puzzle_845.cnf,SATISFIABLE,0.002593994140625,66,64,1,65,0,0,0.0001290000000000041
puzzle_474.cnf,SATISFIABLE,0.002713918685913086,66,64,1,65,0,0,0.00011600000000000499
puzzle_312.cnf,SATISFIABLE,0.0028460025787353516,66,64,1,65,0,0,0.00015199999999999936
puzzle_306.cnf,SATISFIABLE,0.002602815628051758,66,64,1,65,0,0,0.0001250000000000001
puzzle_460.cnf,SATISFIABLE,0.003287076950073242,66,64,1,65,0,0,0.00011400000000000299
puzzle_448.cnf,SATISFIABLE,0.002627134323120117,66,64,1,65,0,0,0.00013900000000000023
puzzle_449.cnf,SATISFIABLE,0.002634286880493164,66,64,1,65,0,0,0.00012499999999998623
puzzle_307.cnf,SATISFIABLE,0.0029349327087402344,66,64,1,65,0,0,0.00013099999999999223
puzzle_461.cnf,SATISFIABLE,0.002566814422607422,66,64,1,65,0,0,0.000123000000000012
puzzle_475.cnf,SATISFIABLE,0.0025899410247802734,66,64,1,65,0,0,0.00012499999999998623
puzzle_313.cnf,SATISFIABLE,0.0026831626892089844,66,64,1,65,0,0,0.00011700000000000599
puzzle_844.cnf,SATISFIABLE,0.0032618045806884766,66,64,1,65,0,0,0.00011699999999997823
puzzle_850.cnf,SATISFIABLE,0.0028181076049804688,66,64,1,65,0,0,0.000125000000000014
puzzle_688.cnf,SATISFIABLE,0.002752065658569336,66,64,1,65,0,0,0.00012000000000000899
puzzle_878.cnf,SATISFIABLE,0.0026798248291015625,66,64,1,65,0,0,0.00011599999999997723
puzzle_887.cnf,SATISFIABLE,0.0027780532836914062,66,64,1,65,0,0,0.00011500000000000399
puzzle_139.cnf,SATISFIABLE,0.00263214111328125,66,64,1,65,0,0,0.000124000000000013
puzzle_4.cnf,SATISFIABLE,0.002624034881591797,66,64,1,65,0,0,0.00012100000000000999
puzzle_893.cnf,SATISFIABLE,0.0033299922943115234,66,64,1,65,0,0,0.000124000000000013
puzzle_663.cnf,SATISFIABLE,0.002707958221435547,66,64,1,65,0,0,0.00012699999999998823
puzzle_105.cnf,SATISFIABLE,0.002649068832397461,66,64,1,65,0,0,0.00012399999999998523
puzzle_111.cnf,SATISFIABLE,0.002772092819213867,66,64,1,65,0,0,0.00011500000000000399
puzzle_677.cnf,SATISFIABLE,0.0026540756225585938,66,64,1,65,0,0,0.00012399999999998523
puzzle_930.cnf,SATISFIABLE,0.0028531551361083984,66,64,1,65,0,0,0.00013799999999999923
puzzle_924.cnf,SATISFIABLE,0.002646923065185547,66,64,1,65,0,0,0.00011700000000000599
puzzle_918.cnf,SATISFIABLE,0.0026841163635253906,66,64,1,65,0,0,0.000123000000000012
puzzle_717.cnf,SATISFIABLE,0.0032923221588134766,66,64,1,65,0,0,0.00011499999999997623
puzzle_703.cnf,SATISFIABLE,0.0026412010192871094,66,64,1,65,0,0,0.000123000000000012
puzzle_298.cnf,SATISFIABLE,0.002972126007080078,66,64,1,65,0,0,0.00013299999999999423
puzzle_529.cnf,SATISFIABLE,0.0026519298553466797,66,64,1,65,0,0,0.00013499999999999623
puzzle_15.cnf,SATISFIABLE,0.0026597976684570312,66,64,1,65,0,0,0.00013799999999999923
puzzle_273.cnf,SATISFIABLE,0.0025773048400878906,66,64,1,65,0,0,0.00012499999999998623
puzzle_515.cnf,SATISFIABLE,0.002582073211669922,66,64,1,65,0,0,0.00012100000000000999
puzzle_501.cnf,SATISFIABLE,0.0033991336822509766,66,64,1,65,0,0,0.000123000000000012
puzzle_267.cnf,SATISFIABLE,0.0026030540466308594,66,64,1,65,0,0,0.000125000000000014
puzzle_29.cnf,SATISFIABLE,0.002705812454223633,66,64,1,65,0,0,0.00012299999999998423
puzzle_517.cnf,SATISFIABLE,0.002670764923095703,66,64,1,65,0,0,0.000125000000000014
puzzle_271.cnf,SATISFIABLE,0.0026760101318359375,66,64,1,65,0,0,0.00012199999999998323
puzzle_265.cnf,SATISFIABLE,0.0028307437896728516,66,64,1,65,0,0,0.00012799999999998923
puzzle_503.cnf,SATISFIABLE,0.0027420520782470703,66,64,1,65,0,0,0.00012599999999998723
puzzle_259.cnf,SATISFIABLE,0.0032978057861328125,66,64,1,65,0,0,0.00011700000000000599
puzzle_17.cnf,SATISFIABLE,0.0026731491088867188,66,64,1,65,0,0,0.000125000000000014
puzzle_715.cnf,SATISFIABLE,0.00257110595703125,66,64,1,65,0,0,0.00013199999999999323
puzzle_701.cnf,SATISFIABLE,0.0028650760650634766,66,64,1,65,0,0,0.00012699999999998823
puzzle_729.cnf,SATISFIABLE,0.0027289390563964844,66,64,1,65,0,0,0.00011600000000000499
puzzle_932.cnf,SATISFIABLE,0.0026481151580810547,66,64,1,65,0,0,0.00012100000000000999
puzzle_926.cnf,SATISFIABLE,0.002529144287109375,66,64,1,65,0,0,0.00012499999999998623
puzzle_107.cnf,SATISFIABLE,0.002593994140625,66,64,1,65,0,0,0.00012300000000003974
puzzle_661.cnf,SATISFIABLE,0.003145933151245117,66,64,1,65,0,0,0.00011300000000002974
puzzle_675.cnf,SATISFIABLE,0.0027430057525634766,66,64,1,65,0,0,0.00014799999999998148
puzzle_113.cnf,SATISFIABLE,0.0025510787963867188,66,64,1,65,0,0,0.00012499999999998623
puzzle_885.cnf,SATISFIABLE,0.002593994140625,66,64,1,65,0,0,0.000124000000000013
puzzle_891.cnf,SATISFIABLE,0.0026960372924804688,66,64,1,65,0,0,0.00011699999999997823
puzzle_649.cnf,SATISFIABLE,0.0026438236236572266,66,64,1,65,0,0,0.00011499999999997623
puzzle_6.cnf,SATISFIABLE,0.0027959346771240234,66,64,1,65,0,0,0.00012299999999998423
puzzle_846.cnf,SATISFIABLE,0.0032219886779785156,66,64,1,65,0,0,0.000126000000000015
puzzle_852.cnf,SATISFIABLE,0.002624988555908203,66,64,1,65,0,0,0.00012299999999998423
puzzle_463.cnf,SATISFIABLE,0.0027189254760742188,66,64,1,65,0,0,0.00012299999999998423
puzzle_305.cnf,SATISFIABLE,0.0026111602783203125,66,64,1,65,0,0,0.000126000000000015
puzzle_311.cnf,SATISFIABLE,0.0027170181274414062,66,64,1,65,0,0,0.000124000000000013
puzzle_477.cnf,SATISFIABLE,0.0029697418212890625,66,64,1,65,0,0,0.00013499999999999623
puzzle_339.cnf,SATISFIABLE,0.0027120113372802734,66,64,1,65,0,0,0.00011800000000000699
puzzle_488.cnf,SATISFIABLE,0.003353118896484375,66,64,1,65,0,0,0.00011499999999997623
puzzle_489.cnf,SATISFIABLE,0.0027048587799072266,66,64,1,65,0,0,0.00011699999999997823
puzzle_338.cnf,SATISFIABLE,0.002730846405029297,66,64,1,65,0,0,0.00011400000000000299
puzzle_310.cnf,SATISFIABLE,0.0028159618377685547,66,64,1,65,0,0,0.00015300000000001424
puzzle_476.cnf,SATISFIABLE,0.0026612281799316406,66,64,1,65,0,0,0.000132000000000021
puzzle_462.cnf,SATISFIABLE,0.0026590824127197266,66,64,1,65,0,0,0.00012499999999998623
puzzle_304.cnf,SATISFIABLE,0.0025742053985595703,66,64,1,65,0,0,0.00013299999999999423
puzzle_853.cnf,SATISFIABLE,0.0026428699493408203,66,64,1,65,0,0,0.00012499999999998623
puzzle_847.cnf,SATISFIABLE,0.003365039825439453,66,64,1,65,0,0,0.00011699999999997823
puzzle_7.cnf,SATISFIABLE,0.0027129650115966797,66,64,1,65,0,0,0.00012899999999999023
puzzle_648.cnf,SATISFIABLE,0.0026750564575195312,66,64,1,65,0,0,0.00012500000000004174
puzzle_890.cnf,SATISFIABLE,0.0027229785919189453,66,64,1,65,0,0,0.00011699999999997823
puzzle_884.cnf,SATISFIABLE,0.002640962600708008,66,64,1,65,0,0,0.00011600000000000499
puzzle_674.cnf,SATISFIABLE,0.0030050277709960938,66,64,1,65,0,0,0.000134000000000023
puzzle_112.cnf,SATISFIABLE,0.002583026885986328,66,64,1,65,0,0,0.000124000000000013
puzzle_106.cnf,SATISFIABLE,0.0031707286834716797,66,64,1,65,0,0,0.00012299999999998423
puzzle_660.cnf,SATISFIABLE,0.0026862621307373047,66,64,1,65,0,0,0.00011699999999997823
puzzle_927.cnf,SATISFIABLE,0.0026388168334960938,66,64,1,65,0,0,0.00012499999999998623
puzzle_933.cnf,SATISFIABLE,0.0025908946990966797,66,64,1,65,0,0,0.000128000000000017
puzzle_728.cnf,SATISFIABLE,0.0027840137481689453,66,64,1,65,0,0,0.00011800000000000699
puzzle_700.cnf,SATISFIABLE,0.0025360584259033203,66,64,1,65,0,0,0.000124000000000013
puzzle_714.cnf,SATISFIABLE,0.0026726722717285156,66,64,1,65,0,0,0.00011499999999997623
puzzle_16.cnf,SATISFIABLE,0.003271818161010742,66,64,1,65,0,0,0.00011499999999997623
puzzle_258.cnf,SATISFIABLE,0.0028569698333740234,66,64,1,65,0,0,0.00011500000000003174
puzzle_264.cnf,SATISFIABLE,0.0026900768280029297,66,64,1,65,0,0,0.00013799999999997148
puzzle_502.cnf,SATISFIABLE,0.0027840137481689453,66,64,1,65,0,0,0.00011499999999997623
puzzle_516.cnf,SATISFIABLE,0.0026121139526367188,66,64,1,65,0,0,0.00012399999999995748
puzzle_270.cnf,SATISFIABLE,0.002832174301147461,66,64,1,65,0,0,0.00011499999999997623
puzzle_248.cnf,SATISFIABLE,0.002580881118774414,66,64,1,65,0,0,0.00011600000000000499
puzzle_12.cnf,SATISFIABLE,0.0037009716033935547,66,64,1,65,0,0,0.00012699999999998823
puzzle_274.cnf,SATISFIABLE,0.0025458335876464844,66,64,1,65,0,0,0.00012699999999998823
puzzle_512.cnf,SATISFIABLE,0.0027070045471191406,66,64,1,65,0,0,0.00011800000000000699
puzzle_506.cnf,SATISFIABLE,0.002660036087036133,66,64,1,65,0,0,0.00011400000000000299
puzzle_260.cnf,SATISFIABLE,0.002685070037841797,66,64,1,65,0,0,0.00012200000000001099
puzzle_738.cnf,SATISFIABLE,0.0027971267700195312,66,64,1,65,0,0,0.000124000000000013
puzzle_710.cnf,SATISFIABLE,0.0026230812072753906,66,64,1,65,0,0,0.000128000000000017
puzzle_704.cnf,SATISFIABLE,0.002526998519897461,66,64,1,65,0,0,0.000128000000000017
puzzle_937.cnf,SATISFIABLE,0.0033299922943115234,66,64,1,65,0,0,0.00011500000000003174
puzzle_923.cnf,SATISFIABLE,0.002613067626953125,66,64,1,65,0,0,0.00012599999999995948
puzzle_880.cnf,SATISFIABLE,0.002950906753540039,66,64,1,65,0,0,0.00011500000000003174
puzzle_658.cnf,SATISFIABLE,0.002668142318725586,66,64,1,65,0,0,0.00012599999999995948
puzzle_894.cnf,SATISFIABLE,0.0025861263275146484,66,64,1,65,0,0,0.00011800000000000699
puzzle_3.cnf,SATISFIABLE,0.002694845199584961,66,64,1,65,0,0,0.000130000000000019
puzzle_664.cnf,SATISFIABLE,0.0028471946716308594,66,64,1,65,0,0,0.00012299999999998423
puzzle_102.cnf,SATISFIABLE,0.0035109519958496094,66,64,1,65,0,0,0.00011800000000000699
puzzle_116.cnf,SATISFIABLE,0.002763032913208008,66,64,1,65,0,0,0.00012000000000000899
puzzle_670.cnf,SATISFIABLE,0.002804994583129883,66,64,1,65,0,0,0.00012000000000000899
puzzle_843.cnf,SATISFIABLE,0.002679109573364258,66,64,1,65,0,0,0.00012000000000000899
puzzle_857.cnf,SATISFIABLE,0.002710103988647461,66,64,1,65,0,0,0.00012700000000004374
puzzle_328.cnf,SATISFIABLE,0.002714872360229492,66,64,1,65,0,0,0.00011800000000000699
puzzle_300.cnf,SATISFIABLE,0.0029129981994628906,66,64,1,65,0,0,0.00013299999999999423
puzzle_466.cnf,SATISFIABLE,0.0032608509063720703,66,64,1,65,0,0,0.00011800000000000699
puzzle_472.cnf,SATISFIABLE,0.002792835235595703,66,64,1,65,0,0,0.00011699999999997823
puzzle_314.cnf,SATISFIABLE,0.002550840377807617,66,64,1,65,0,0,0.00012299999999998423
puzzle_499.cnf,SATISFIABLE,0.0028989315032958984,66,64,1,65,0,0,0.00012999999999996348
puzzle_498.cnf,SATISFIABLE,0.0026710033416748047,66,64,1,65,0,0,0.00014100000000000223
puzzle_473.cnf,SATISFIABLE,0.002788066864013672,66,64,1,65,0,0,0.000126000000000015
puzzle_315.cnf,SATISFIABLE,0.002607107162475586,66,64,1,65,0,0,0.000130000000000019
puzzle_301.cnf,SATISFIABLE,0.003348827362060547,66,64,1,65,0,0,0.00011800000000000699
puzzle_467.cnf,SATISFIABLE,0.0026390552520751953,66,64,1,65,0,0,0.00011600000000000499
puzzle_329.cnf,SATISFIABLE,0.0031888484954833984,66,64,1,65,0,0,0.000154000000000043
puzzle_856.cnf,SATISFIABLE,0.0025899410247802734,66,64,1,65,0,0,0.00012499999999998623
puzzle_842.cnf,SATISFIABLE,0.0026502609252929688,66,64,1,65,0,0,0.00012099999999998223
puzzle_117.cnf,SATISFIABLE,0.002604961395263672,66,64,1,65,0,0,0.000124000000000013
puzzle_671.cnf,SATISFIABLE,0.002725839614868164,66,64,1,65,0,0,0.00012900000000004574
puzzle_665.cnf,SATISFIABLE,0.0026679039001464844,66,64,1,65,0,0,0.000128000000000017
puzzle_103.cnf,SATISFIABLE,0.003843069076538086,66,64,1,65,0,0,0.00017699999999998273
puzzle_2.cnf,SATISFIABLE,0.0025589466094970703,66,64,1,65,0,0,0.00012000000000000899
puzzle_895.cnf,SATISFIABLE,0.002727985382080078,66,64,1,65,0,0,0.00012100000000003774
puzzle_659.cnf,SATISFIABLE,0.002671957015991211,66,64,1,65,0,0,0.000128000000000017
puzzle_881.cnf,SATISFIABLE,0.0027790069580078125,66,64,1,65,0,0,0.00012599999999995948
puzzle_922.cnf,SATISFIABLE,0.0028781890869140625,66,64,1,65,0,0,0.000148000000000037
puzzle_936.cnf,SATISFIABLE,0.002753019332885742,66,64,1,65,0,0,0.00012999999999996348
puzzle_705.cnf,SATISFIABLE,0.003288745880126953,66,64,1,65,0,0,0.00012599999999995948
puzzle_711.cnf,SATISFIABLE,0.0027360916137695312,66,64,1,65,0,0,0.00012299999999998423
puzzle_739.cnf,SATISFIABLE,0.002658843994140625,66,64,1,65,0,0,0.00012500000000004174
puzzle_507.cnf,SATISFIABLE,0.0027909278869628906,66,64,1,65,0,0,0.000144000000000033
puzzle_261.cnf,SATISFIABLE,0.0025920867919921875,66,64,1,65,0,0,0.00011700000000003374
puzzle_275.cnf,SATISFIABLE,0.0027179718017578125,66,64,1,65,0,0,0.00011399999999994748
puzzle_513.cnf,SATISFIABLE,0.0027158260345458984,66,64,1,65,0,0,0.00011900000000009126
puzzle_13.cnf,SATISFIABLE,0.0038099288940429688,66,64,1,65,0,0,0.00012299999999998423
puzzle_249.cnf,SATISFIABLE,0.002682209014892578,66,64,1,65,0,0,0.00011900000000009126
puzzle_11.cnf,SATISFIABLE,0.0027921199798583984,66,64,1,65,0,0,0.00011600000000000499
puzzle_539.cnf,SATISFIABLE,0.0025510787963867188,66,64,1,65,0,0,0.000124000000000013
puzzle_263.cnf,SATISFIABLE,0.002830028533935547,66,64,1,65,0,0,0.00013099999999999223
puzzle_505.cnf,SATISFIABLE,0.0025920867919921875,66,64,1,65,0,0,0.0001220000000000665
puzzle_511.cnf,SATISFIABLE,0.0029990673065185547,66,64,1,65,0,0,0.00017499999999992522
puzzle_277.cnf,SATISFIABLE,0.0025408267974853516,66,64,1,65,0,0,0.00012699999999998823
puzzle_39.cnf,SATISFIABLE,0.0032672882080078125,66,64,1,65,0,0,0.00012499999999993072
puzzle_288.cnf,SATISFIABLE,0.0025970935821533203,66,64,1,65,0,0,0.00014100000000005775
puzzle_707.cnf,SATISFIABLE,0.002722024917602539,66,64,1,65,0,0,0.0001220000000000665
puzzle_713.cnf,SATISFIABLE,0.00290679931640625,66,64,1,65,0,0,0.0001300000000000745
puzzle_920.cnf,SATISFIABLE,0.002827882766723633,66,64,1,65,0,0,0.00011700000000003374
puzzle_934.cnf,SATISFIABLE,0.0025110244750976562,66,64,1,65,0,0,0.000124000000000013
puzzle_908.cnf,SATISFIABLE,0.0026900768280029297,66,64,1,65,0,0,0.0001300000000000745
puzzle_897.cnf,SATISFIABLE,0.0033347606658935547,66,64,1,65,0,0,0.00011600000000000499
puzzle_129.cnf,SATISFIABLE,0.0030939579010009766,66,64,1,65,0,0,0.00012900000000004574
puzzle_883.cnf,SATISFIABLE,0.0025870800018310547,66,64,1,65,0,0,0.00012199999999995548
puzzle_673.cnf,SATISFIABLE,0.0027010440826416016,66,64,1,65,0,0,0.000124000000000013
puzzle_115.cnf,SATISFIABLE,0.002666950225830078,66,64,1,65,0,0,0.00012899999999993472
puzzle_101.cnf,SATISFIABLE,0.0027518272399902344,66,64,1,65,0,0,0.0001300000000000745
puzzle_667.cnf,SATISFIABLE,0.0027031898498535156,66,64,1,65,0,0,0.00013199999999990997
puzzle_854.cnf,SATISFIABLE,0.003652811050415039,66,64,1,65,0,0,0.00014300000000000423
puzzle_698.cnf,SATISFIABLE,0.0025751590728759766,66,64,1,65,0,0,0.000124000000000013
puzzle_840.cnf,SATISFIABLE,0.00279998779296875,66,64,1,65,0,0,0.00011700000000003374
puzzle_868.cnf,SATISFIABLE,0.0026640892028808594,66,64,1,65,0,0,0.000128000000000017
puzzle_459.cnf,SATISFIABLE,0.002914905548095703,66,64,1,65,0,0,0.00012900000000004574
puzzle_317.cnf,SATISFIABLE,0.0025551319122314453,66,64,1,65,0,0,0.0001260000000000705
puzzle_471.cnf,SATISFIABLE,0.0027577877044677734,66,64,1,65,0,0,0.00011600000000000499
puzzle_465.cnf,SATISFIABLE,0.0025663375854492188,66,64,1,65,0,0,0.00012299999999998423
puzzle_303.cnf,SATISFIABLE,0.003462076187133789,66,64,1,65,0,0,0.00011600000000000499
puzzle_464.cnf,SATISFIABLE,0.002725839614868164,66,64,1,65,0,0,0.00013099999999999223
puzzle_302.cnf,SATISFIABLE,0.0027930736541748047,66,64,1,65,0,0,0.0001180000000000625
puzzle_316.cnf,SATISFIABLE,0.0025780200958251953,66,64,1,65,0,0,0.00013099999999999223
puzzle_470.cnf,SATISFIABLE,0.0026581287384033203,66,64,1,65,0,0,0.00012599999999995948
puzzle_458.cnf,SATISFIABLE,0.002862215042114258,66,64,1,65,0,0,0.00012899999999993472
puzzle_869.cnf,SATISFIABLE,0.0030999183654785156,66,64,1,65,0,0,0.00013099999999999223
puzzle_841.cnf,SATISFIABLE,0.0035071372985839844,66,64,1,65,0,0,0.00013099999999999223
puzzle_699.cnf,SATISFIABLE,0.0028290748596191406,66,64,1,65,0,0,0.00012899999999993472
puzzle_855.cnf,SATISFIABLE,0.002753019332885742,66,64,1,65,0,0,0.00011600000000000499
puzzle_100.cnf,SATISFIABLE,0.0027518272399902344,66,64,1,65,0,0,0.00012500000000004174
puzzle_666.cnf,SATISFIABLE,0.002736806869506836,66,64,1,65,0,0,0.00012299999999998423
puzzle_672.cnf,SATISFIABLE,0.003167867660522461,66,64,1,65,0,0,0.0001220000000000665
puzzle_114.cnf,SATISFIABLE,0.002663135528564453,66,64,1,65,0,0,0.00014100000000005775
puzzle_882.cnf,SATISFIABLE,0.0034542083740234375,66,64,1,65,0,0,0.00011899999999998023
puzzle_1.cnf,SATISFIABLE,0.0026853084564208984,66,64,1,65,0,0,0.00011900000000009126
puzzle_896.cnf,SATISFIABLE,0.002803802490234375,66,64,1,65,0,0,0.00012999999999996348
puzzle_128.cnf,SATISFIABLE,0.0028510093688964844,66,64,1,65,0,0,0.00013399999999996748
puzzle_909.cnf,SATISFIABLE,0.002574920654296875,66,64,1,65,0,0,0.000128000000000017
puzzle_935.cnf,SATISFIABLE,0.0026807785034179688,66,64,1,65,0,0,0.00011799999999995148
puzzle_921.cnf,SATISFIABLE,0.0027151107788085938,66,64,1,65,0,0,0.00012699999999998823
puzzle_712.cnf,SATISFIABLE,0.003261089324951172,66,64,1,65,0,0,0.00012500000000004174
puzzle_706.cnf,SATISFIABLE,0.002953052520751953,66,64,1,65,0,0,0.00016900000000008575
puzzle_289.cnf,SATISFIABLE,0.002855062484741211,66,64,1,65,0,0,0.000128000000000017
puzzle_510.cnf,SATISFIABLE,0.0026297569274902344,66,64,1,65,0,0,0.00012899999999993472
puzzle_38.cnf,SATISFIABLE,0.0026340484619140625,66,64,1,65,0,0,0.000128000000000017
puzzle_276.cnf,SATISFIABLE,0.002624034881591797,66,64,1,65,0,0,0.00012099999999992672
puzzle_262.cnf,SATISFIABLE,0.0029211044311523438,66,64,1,65,0,0,0.00012599999999995948
puzzle_504.cnf,SATISFIABLE,0.002663850784301758,66,64,1,65,0,0,0.00012799999999990597
puzzle_10.cnf,SATISFIABLE,0.0032498836517333984,66,64,1,65,0,0,0.00012100000000003774
puzzle_538.cnf,SATISFIABLE,0.0027511119842529297,66,64,1,65,0,0,0.00011399999999994748
puzzle_205.cnf,SATISFIABLE,0.0028107166290283203,66,64,1,65,0,0,0.00012199999999995548
puzzle_563.cnf,SATISFIABLE,0.003034830093383789,66,64,1,65,0,0,0.000124000000000013
puzzle_577.cnf,SATISFIABLE,0.0026979446411132812,66,64,1,65,0,0,0.0001260000000000705
puzzle_211.cnf,SATISFIABLE,0.002779722213745117,66,64,1,65,0,0,0.00011899999999998023
puzzle_77.cnf,SATISFIABLE,0.0026237964630126953,66,64,1,65,0,0,0.00012500000000004174
puzzle_239.cnf,SATISFIABLE,0.003325939178466797,66,64,1,65,0,0,0.00013799999999997148
puzzle_63.cnf,SATISFIABLE,0.0029840469360351562,66,64,1,65,0,0,0.00012000000000000899
puzzle_88.cnf,SATISFIABLE,0.002713918685913086,66,64,1,65,0,0,0.00013300000000004975
puzzle_588.cnf,SATISFIABLE,0.0026183128356933594,66,64,1,65,0,0,0.00012100000000003774
puzzle_761.cnf,SATISFIABLE,0.0027687549591064453,66,64,1,65,0,0,0.00012500000000004174
puzzle_775.cnf,SATISFIABLE,0.0026481151580810547,66,64,1,65,0,0,0.00011899999999998023
puzzle_985.cnf,SATISFIABLE,0.002746105194091797,66,64,1,65,0,0,0.00011600000000000499
puzzle_749.cnf,SATISFIABLE,0.003450155258178711,66,64,1,65,0,0,0.00013300000000004975
puzzle_991.cnf,SATISFIABLE,0.0027129650115966797,66,64,1,65,0,0,0.00013900000000000023
puzzle_946.cnf,SATISFIABLE,0.002653837203979492,66,64,1,65,0,0,0.00012900000000004574
puzzle_952.cnf,SATISFIABLE,0.002643108367919922,66,64,1,65,0,0,0.00011900000000009126
puzzle_615.cnf,SATISFIABLE,0.002844095230102539,66,64,1,65,0,0,0.0001300000000000745
puzzle_173.cnf,SATISFIABLE,0.003091096878051758,66,64,1,65,0,0,0.00012000000000000899
puzzle_167.cnf,SATISFIABLE,0.002773761749267578,66,64,1,65,0,0,0.00014300000000000423
puzzle_601.cnf,SATISFIABLE,0.002730131149291992,66,64,1,65,0,0,0.00011799999999995148
puzzle_629.cnf,SATISFIABLE,0.0033147335052490234,66,64,1,65,0,0,0.00012199999999995548
puzzle_832.cnf,SATISFIABLE,0.0027599334716796875,66,64,1,65,0,0,0.00012500000000004174
puzzle_198.cnf,SATISFIABLE,0.0030651092529296875,66,64,1,65,0,0,0.000132000000000021
puzzle_826.cnf,SATISFIABLE,0.0027620792388916016,66,64,1,65,0,0,0.00014700000000000824
puzzle_371.cnf,SATISFIABLE,0.002672910690307617,66,64,1,65,0,0,0.00012699999999998823
puzzle_417.cnf,SATISFIABLE,0.002595186233520508,66,64,1,65,0,0,0.00012299999999998423
puzzle_403.cnf,SATISFIABLE,0.0028810501098632812,66,64,1,65,0,0,0.00012500000000004174
puzzle_365.cnf,SATISFIABLE,0.0034668445587158203,66,64,1,65,0,0,0.00013099999999999223
puzzle_359.cnf,SATISFIABLE,0.002668142318725586,66,64,1,65,0,0,0.00012900000000004574
puzzle_358.cnf,SATISFIABLE,0.0027239322662353516,66,64,1,65,0,0,0.00012399999999990197
puzzle_402.cnf,SATISFIABLE,0.002716064453125,66,64,1,65,0,0,0.00011799999999995148
puzzle_364.cnf,SATISFIABLE,0.002850770950317383,66,64,1,65,0,0,0.00012699999999998823
puzzle_370.cnf,SATISFIABLE,0.0027811527252197266,66,64,1,65,0,0,0.00011899999999998023
puzzle_416.cnf,SATISFIABLE,0.002798795700073242,66,64,1,65,0,0,0.00011499999999997623
puzzle_199.cnf,SATISFIABLE,0.003337860107421875,66,64,1,65,0,0,0.00012599999999995948
puzzle_827.cnf,SATISFIABLE,0.0027327537536621094,66,64,1,65,0,0,0.00011700000000003374
puzzle_833.cnf,SATISFIABLE,0.0029861927032470703,66,64,1,65,0,0,0.00012100000000003774
puzzle_628.cnf,SATISFIABLE,0.0027310848236083984,66,64,1,65,0,0,0.0001220000000000665
puzzle_166.cnf,SATISFIABLE,0.0026879310607910156,66,64,1,65,0,0,0.00011600000000000499
puzzle_600.cnf,SATISFIABLE,0.002675771713256836,66,64,1,65,0,0,0.000124000000000013
puzzle_614.cnf,SATISFIABLE,0.0026378631591796875,66,64,1,65,0,0,0.00012599999999995948
puzzle_172.cnf,SATISFIABLE,0.0026237964630126953,66,64,1,65,0,0,0.000124000000000013
puzzle_953.cnf,SATISFIABLE,0.003242015838623047,66,64,1,65,0,0,0.00013099999999999223
puzzle_947.cnf,SATISFIABLE,0.002733945846557617,66,64,1,65,0,0,0.00011899999999998023
puzzle_990.cnf,SATISFIABLE,0.002585172653198242,66,64,1,65,0,0,0.00012499999999993072
puzzle_748.cnf,SATISFIABLE,0.002613067626953125,66,64,1,65,0,0,0.0001260000000000705
puzzle_984.cnf,SATISFIABLE,0.0026619434356689453,66,64,1,65,0,0,0.00011499999999997623
puzzle_774.cnf,SATISFIABLE,0.0028946399688720703,66,64,1,65,0,0,0.000148000000000037
puzzle_760.cnf,SATISFIABLE,0.0027008056640625,66,64,1,65,0,0,0.00012499999999993072
puzzle_589.cnf,SATISFIABLE,0.0033881664276123047,66,64,1,65,0,0,0.00011499999999997623
puzzle_89.cnf,SATISFIABLE,0.0027167797088623047,66,64,1,65,0,0,0.00012099999999992672
puzzle_62.cnf,SATISFIABLE,0.002711772918701172,66,64,1,65,0,0,0.00011799999999995148
puzzle_238.cnf,SATISFIABLE,0.002796173095703125,66,64,1,65,0,0,0.000140000000000029
puzzle_76.cnf,SATISFIABLE,0.0028281211853027344,66,64,1,65,0,0,0.00012199999999995548
puzzle_576.cnf,SATISFIABLE,0.0026230812072753906,66,64,1,65,0,0,0.00013900000000000023
puzzle_210.cnf,SATISFIABLE,0.0027163028717041016,66,64,1,65,0,0,0.00012699999999998823
puzzle_204.cnf,SATISFIABLE,0.0034542083740234375,66,64,1,65,0,0,0.00012000000000000899
puzzle_562.cnf,SATISFIABLE,0.0029802322387695312,66,64,1,65,0,0,0.000160000000000049
puzzle_212.cnf,SATISFIABLE,0.002604961395263672,66,64,1,65,0,0,0.00012299999999998423
puzzle_574.cnf,SATISFIABLE,0.0027549266815185547,66,64,1,65,0,0,0.0001429999999998932
puzzle_560.cnf,SATISFIABLE,0.0029010772705078125,66,64,1,65,0,0,0.000132000000000021
puzzle_206.cnf,SATISFIABLE,0.002989053726196289,66,64,1,65,0,0,0.000132000000000021
puzzle_48.cnf,SATISFIABLE,0.0030651092529296875,66,64,1,65,0,0,0.00014300000000000423
puzzle_60.cnf,SATISFIABLE,0.0036640167236328125,66,64,1,65,0,0,0.000140000000000029
puzzle_548.cnf,SATISFIABLE,0.0028221607208251953,66,64,1,65,0,0,0.00014100000000005775
puzzle_74.cnf,SATISFIABLE,0.0028617382049560547,66,64,1,65,0,0,0.00013099999999999223
puzzle_776.cnf,SATISFIABLE,0.0029900074005126953,66,64,1,65,0,0,0.00013499999999999623
puzzle_762.cnf,SATISFIABLE,0.0028829574584960938,66,64,1,65,0,0,0.00014199999999997548
puzzle_992.cnf,SATISFIABLE,0.002608060836791992,66,64,1,65,0,0,0.0001260000000000705
puzzle_986.cnf,SATISFIABLE,0.0028848648071289062,66,64,1,65,0,0,0.0001260000000000705
puzzle_979.cnf,SATISFIABLE,0.0027070045471191406,66,64,1,65,0,0,0.00011499999999997623
puzzle_951.cnf,SATISFIABLE,0.003429889678955078,66,64,1,65,0,0,0.0001180000000000625
puzzle_789.cnf,SATISFIABLE,0.002891063690185547,66,64,1,65,0,0,0.00014099999999994672
puzzle_945.cnf,SATISFIABLE,0.0027070045471191406,66,64,1,65,0,0,0.00013399999999996748
puzzle_602.cnf,SATISFIABLE,0.002515077590942383,66,64,1,65,0,0,0.00013999999999991797
puzzle_164.cnf,SATISFIABLE,0.002729177474975586,66,64,1,65,0,0,0.0001220000000000665
puzzle_170.cnf,SATISFIABLE,0.0025539398193359375,66,64,1,65,0,0,0.00012500000000004174
puzzle_616.cnf,SATISFIABLE,0.0030410289764404297,66,64,1,65,0,0,0.00012900000000004574
puzzle_158.cnf,SATISFIABLE,0.0032329559326171875,66,64,1,65,0,0,0.00012999999999996348
puzzle_819.cnf,SATISFIABLE,0.002756834030151367,66,64,1,65,0,0,0.00013399999999996748
puzzle_825.cnf,SATISFIABLE,0.0027229785919189453,66,64,1,65,0,0,0.00012500000000004174
puzzle_831.cnf,SATISFIABLE,0.002791166305541992,66,64,1,65,0,0,0.00013299999999993872
puzzle_366.cnf,SATISFIABLE,0.0031409263610839844,66,64,1,65,0,0,0.00012299999999998423
puzzle_400.cnf,SATISFIABLE,0.0027856826782226562,66,64,1,65,0,0,0.0001180000000000625
puzzle_414.cnf,SATISFIABLE,0.0027348995208740234,66,64,1,65,0,0,0.00013900000000000023
puzzle_372.cnf,SATISFIABLE,0.003386974334716797,66,64,1,65,0,0,0.00013499999999999623
puzzle_428.cnf,SATISFIABLE,0.002850770950317383,66,64,1,65,0,0,0.00013099999999999223
puzzle_399.cnf,SATISFIABLE,0.0029878616333007812,66,64,1,65,0,0,0.00014700000000011926
puzzle_398.cnf,SATISFIABLE,0.002727031707763672,66,64,1,65,0,0,0.00012100000000003774
puzzle_429.cnf,SATISFIABLE,0.0026590824127197266,66,64,1,65,0,0,0.0001420000000000865
puzzle_415.cnf,SATISFIABLE,0.0026297569274902344,66,64,1,65,0,0,0.000124000000000013
puzzle_373.cnf,SATISFIABLE,0.0028798580169677734,66,64,1,65,0,0,0.000128000000000128
puzzle_367.cnf,SATISFIABLE,0.0037620067596435547,66,64,1,65,0,0,0.00016499999999997073
puzzle_401.cnf,SATISFIABLE,0.002750873565673828,66,64,1,65,0,0,0.00012799999999990597
puzzle_830.cnf,SATISFIABLE,0.0026710033416748047,66,64,1,65,0,0,0.00014099999999994672
puzzle_824.cnf,SATISFIABLE,0.00255584716796875,66,64,1,65,0,0,0.00012699999999998823
puzzle_818.cnf,SATISFIABLE,0.0028259754180908203,66,64,1,65,0,0,0.000132000000000021
puzzle_159.cnf,SATISFIABLE,0.0031859874725341797,66,64,1,65,0,0,0.00012799999999990597
puzzle_171.cnf,SATISFIABLE,0.0025968551635742188,66,64,1,65,0,0,0.00012900000000004574
puzzle_617.cnf,SATISFIABLE,0.0026128292083740234,66,64,1,65,0,0,0.000124000000000013
puzzle_603.cnf,SATISFIABLE,0.0032949447631835938,66,64,1,65,0,0,0.000132000000000021
puzzle_165.cnf,SATISFIABLE,0.0027599334716796875,66,64,1,65,0,0,0.0001340000000000785
puzzle_944.cnf,SATISFIABLE,0.0032448768615722656,66,64,1,65,0,0,0.00012999999999996348
puzzle_788.cnf,SATISFIABLE,0.0026769638061523438,66,64,1,65,0,0,0.00014300000000000423
puzzle_950.cnf,SATISFIABLE,0.002595663070678711,66,64,1,65,0,0,0.00011700000000014477
puzzle_978.cnf,SATISFIABLE,0.002885103225708008,66,64,1,65,0,0,0.0001309999999998812
puzzle_987.cnf,SATISFIABLE,0.0026831626892089844,66,64,1,65,0,0,0.00011399999999994748
puzzle_993.cnf,SATISFIABLE,0.0037071704864501953,66,64,1,65,0,0,0.00013800000000019352
puzzle_763.cnf,SATISFIABLE,0.0026140213012695312,66,64,1,65,0,0,0.00012199999999995548
puzzle_777.cnf,SATISFIABLE,0.002775907516479492,66,64,1,65,0,0,0.000124000000000013
puzzle_75.cnf,SATISFIABLE,0.0026350021362304688,66,64,1,65,0,0,0.00012199999999995548
puzzle_61.cnf,SATISFIABLE,0.0028531551361083984,66,64,1,65,0,0,0.00011499999999986521
puzzle_549.cnf,SATISFIABLE,0.0029168128967285156,66,64,1,65,0,0,0.000136000000000136
puzzle_561.cnf,SATISFIABLE,0.002749919891357422,66,64,1,65,0,0,0.00012900000000004574
puzzle_49.cnf,SATISFIABLE,0.003325939178466797,66,64,1,65,0,0,0.00011899999999998023
puzzle_207.cnf,SATISFIABLE,0.002933979034423828,66,64,1,65,0,0,0.00011699999999992272
puzzle_213.cnf,SATISFIABLE,0.002563953399658203,66,64,1,65,0,0,0.000124000000000013
puzzle_575.cnf,SATISFIABLE,0.0030388832092285156,66,64,1,65,0,0,0.00012699999999998823
puzzle_65.cnf,SATISFIABLE,0.00269317626953125,66,64,1,65,0,0,0.00013399999999985646
puzzle_71.cnf,SATISFIABLE,0.0026769638061523438,66,64,1,65,0,0,0.00012300000000009526
puzzle_559.cnf,SATISFIABLE,0.0026459693908691406,66,64,1,65,0,0,0.00013000000000018552
puzzle_571.cnf,SATISFIABLE,0.0035948753356933594,66,64,1,65,0,0,0.00012599999999984846
puzzle_59.cnf,SATISFIABLE,0.002840757369995117,66,64,1,65,0,0,0.00012999999999996348
puzzle_217.cnf,SATISFIABLE,0.002777099609375,66,64,1,65,0,0,0.0001180000000000625
puzzle_203.cnf,SATISFIABLE,0.002619028091430664,66,64,1,65,0,0,0.00011899999999998023
puzzle_565.cnf,SATISFIABLE,0.0029449462890625,66,64,1,65,0,0,0.00012999999999996348
puzzle_997.cnf,SATISFIABLE,0.0029287338256835938,66,64,1,65,0,0,0.00013100000000010326
puzzle_983.cnf,SATISFIABLE,0.004039287567138672,66,64,1,65,0,0,0.000140000000000029
puzzle_773.cnf,SATISFIABLE,0.0028378963470458984,66,64,1,65,0,0,0.00014900000000017677
puzzle_767.cnf,SATISFIABLE,0.0035216808319091797,66,64,1,65,0,0,0.000132000000000021
puzzle_954.cnf,SATISFIABLE,0.002900362014770508,66,64,1,65,0,0,0.0001449999999998397
puzzle_940.cnf,SATISFIABLE,0.0028839111328125,66,64,1,65,0,0,0.00014300000000000423
puzzle_798.cnf,SATISFIABLE,0.0028111934661865234,66,64,1,65,0,0,0.00014500000000006175
puzzle_968.cnf,SATISFIABLE,0.002763032913208008,66,64,1,65,0,0,0.00012799999999990597
puzzle_149.cnf,SATISFIABLE,0.0026710033416748047,66,64,1,65,0,0,0.00012799999999990597
puzzle_161.cnf,SATISFIABLE,0.0034029483795166016,66,64,1,65,0,0,0.00013799999999997148
puzzle_607.cnf,SATISFIABLE,0.003737211227416992,66,64,1,65,0,0,0.00013299999999993872
puzzle_613.cnf,SATISFIABLE,0.0029251575469970703,66,64,1,65,0,0,0.00015199999999992997
puzzle_175.cnf,SATISFIABLE,0.0025641918182373047,66,64,1,65,0,0,0.00012799999999990597
puzzle_820.cnf,SATISFIABLE,0.0027751922607421875,66,64,1,65,0,0,0.00013499999999999623
puzzle_834.cnf,SATISFIABLE,0.002928018569946289,66,64,1,65,0,0,0.0001309999999998812
puzzle_808.cnf,SATISFIABLE,0.0027141571044921875,66,64,1,65,0,0,0.00012999999999996348
puzzle_439.cnf,SATISFIABLE,0.002573728561401367,66,64,1,65,0,0,0.000128000000000128
puzzle_405.cnf,SATISFIABLE,0.003606081008911133,66,64,1,65,0,0,0.00013599999999991397
puzzle_363.cnf,SATISFIABLE,0.002646923065185547,66,64,1,65,0,0,0.0001180000000000625
puzzle_377.cnf,SATISFIABLE,0.0029449462890625,66,64,1,65,0,0,0.00013499999999999623
puzzle_411.cnf,SATISFIABLE,0.0025801658630371094,66,64,1,65,0,0,0.00012199999999995548
puzzle_388.cnf,SATISFIABLE,0.0028879642486572266,66,64,1,65,0,0,0.00012500000000015277
puzzle_389.cnf,SATISFIABLE,0.0027267932891845703,66,64,1,65,0,0,0.00012499999999993072
puzzle_376.cnf,SATISFIABLE,0.0027430057525634766,66,64,1,65,0,0,0.00011899999999998023
puzzle_410.cnf,SATISFIABLE,0.0028810501098632812,66,64,1,65,0,0,0.00012100000000003774
puzzle_404.cnf,SATISFIABLE,0.003450155258178711,66,64,1,65,0,0,0.00012199999999995548
puzzle_362.cnf,SATISFIABLE,0.0027399063110351562,66,64,1,65,0,0,0.00012000000000012001
puzzle_438.cnf,SATISFIABLE,0.0028133392333984375,66,64,1,65,0,0,0.0001340000000000785
puzzle_809.cnf,SATISFIABLE,0.0027348995208740234,66,64,1,65,0,0,0.00012999999999996348
puzzle_835.cnf,SATISFIABLE,0.002827882766723633,66,64,1,65,0,0,0.0001180000000000625
puzzle_821.cnf,SATISFIABLE,0.0027358531951904297,66,64,1,65,0,0,0.00014700000000011926
puzzle_612.cnf,SATISFIABLE,0.0027010440826416016,66,64,1,65,0,0,0.00011700000000014477
puzzle_174.cnf,SATISFIABLE,0.003381013870239258,66,64,1,65,0,0,0.00011700000000014477
puzzle_160.cnf,SATISFIABLE,0.002723217010498047,66,64,1,65,0,0,0.00011799999999984045
puzzle_606.cnf,SATISFIABLE,0.0026938915252685547,66,64,1,65,0,0,0.00011999999999989797
puzzle_148.cnf,SATISFIABLE,0.003171205520629883,66,64,1,65,0,0,0.00014399999999992197
puzzle_969.cnf,SATISFIABLE,0.0027151107788085938,66,64,1,65,0,0,0.00014099999999994672
puzzle_799.cnf,SATISFIABLE,0.002629995346069336,66,64,1,65,0,0,0.0001260000000000705
puzzle_941.cnf,SATISFIABLE,0.002640962600708008,66,64,1,65,0,0,0.00012999999999996348
puzzle_955.cnf,SATISFIABLE,0.0033979415893554688,66,64,1,65,0,0,0.000124000000000013
puzzle_766.cnf,SATISFIABLE,0.0029807090759277344,66,64,1,65,0,0,0.00013399999999985646
puzzle_772.cnf,SATISFIABLE,0.002807140350341797,66,64,1,65,0,0,0.00013700000000005375
puzzle_982.cnf,SATISFIABLE,0.0029430389404296875,66,64,1,65,0,0,0.00014899999999995472
puzzle_996.cnf,SATISFIABLE,0.0028259754180908203,66,64,1,65,0,0,0.000124000000000013
puzzle_202.cnf,SATISFIABLE,0.0027298927307128906,66,64,1,65,0,0,0.00013300000000016077
puzzle_564.cnf,SATISFIABLE,0.0030519962310791016,66,64,1,65,0,0,0.000132000000000021
puzzle_570.cnf,SATISFIABLE,0.0034050941467285156,66,64,1,65,0,0,0.00011700000000014477
puzzle_216.cnf,SATISFIABLE,0.002810955047607422,66,64,1,65,0,0,0.00013299999999993872
puzzle_58.cnf,SATISFIABLE,0.002838134765625,66,64,1,65,0,0,0.0001260000000000705
puzzle_70.cnf,SATISFIABLE,0.002681732177734375,66,64,1,65,0,0,0.00013100000000010326
puzzle_558.cnf,SATISFIABLE,0.0027899742126464844,66,64,1,65,0,0,0.00017800000000001148
puzzle_64.cnf,SATISFIABLE,0.0028018951416015625,66,64,1,65,0,0,0.00012799999999990597
puzzle_72.cnf,SATISFIABLE,0.002814054489135742,66,64,1,65,0,0,0.00012799999999990597
puzzle_228.cnf,SATISFIABLE,0.0027611255645751953,66,64,1,65,0,0,0.00013499999999999623
puzzle_66.cnf,SATISFIABLE,0.00331878662109375,66,64,1,65,0,0,0.000124000000000013
puzzle_566.cnf,SATISFIABLE,0.002980947494506836,66,64,1,65,0,0,0.00015799999999988046
puzzle_200.cnf,SATISFIABLE,0.002701997756958008,66,64,1,65,0,0,0.00012699999999998823
puzzle_214.cnf,SATISFIABLE,0.002666950225830078,66,64,1,65,0,0,0.000124000000000013
puzzle_572.cnf,SATISFIABLE,0.0028498172760009766,66,64,1,65,0,0,0.0001229999999998732
puzzle_599.cnf,SATISFIABLE,0.0028319358825683594,66,64,1,65,0,0,0.000124000000000013
puzzle_99.cnf,SATISFIABLE,0.002785921096801758,66,64,1,65,0,0,0.000148000000000037
puzzle_758.cnf,SATISFIABLE,0.0033011436462402344,66,64,1,65,0,0,0.00011600000000000499
puzzle_980.cnf,SATISFIABLE,0.0026388168334960938,66,64,1,65,0,0,0.000124000000000013
puzzle_994.cnf,SATISFIABLE,0.002843141555786133,66,64,1,65,0,0,0.00013100000000010326
puzzle_764.cnf,SATISFIABLE,0.002649068832397461,66,64,1,65,0,0,0.00012300000000009526
puzzle_770.cnf,SATISFIABLE,0.0031490325927734375,66,64,1,65,0,0,0.00013299999999993872
puzzle_943.cnf,SATISFIABLE,0.002685070037841797,66,64,1,65,0,0,0.0001180000000000625
puzzle_957.cnf,SATISFIABLE,0.002819061279296875,66,64,1,65,0,0,0.00013100000000010326
puzzle_638.cnf,SATISFIABLE,0.003398895263671875,66,64,1,65,0,0,0.00012100000000003774
puzzle_176.cnf,SATISFIABLE,0.0028259754180908203,66,64,1,65,0,0,0.000132000000000021
puzzle_610.cnf,SATISFIABLE,0.0028700828552246094,66,64,1,65,0,0,0.00013399999999985646
puzzle_604.cnf,SATISFIABLE,0.0028018951416015625,66,64,1,65,0,0,0.00012499999999993072
puzzle_162.cnf,SATISFIABLE,0.002622365951538086,66,64,1,65,0,0,0.00011799999999984045
puzzle_189.cnf,SATISFIABLE,0.0028018951416015625,66,64,1,65,0,0,0.00011599999999978294
puzzle_837.cnf,SATISFIABLE,0.002567768096923828,66,64,1,65,0,0,0.000124000000000013
puzzle_823.cnf,SATISFIABLE,0.0038559436798095703,66,64,1,65,0,0,0.0001340000000000785
puzzle_348.cnf,SATISFIABLE,0.002645254135131836,66,64,1,65,0,0,0.00011899999999998023
puzzle_412.cnf,SATISFIABLE,0.0027790069580078125,66,64,1,65,0,0,0.000124000000000013
puzzle_374.cnf,SATISFIABLE,0.0027878284454345703,66,64,1,65,0,0,0.0001260000000000705
puzzle_360.cnf,SATISFIABLE,0.0028569698333740234,66,64,1,65,0,0,0.000132000000000021
puzzle_406.cnf,SATISFIABLE,0.002769947052001953,66,64,1,65,0,0,0.0001389999999998892
puzzle_361.cnf,SATISFIABLE,0.0026960372924804688,66,64,1,65,0,0,0.00012799999999990597
puzzle_407.cnf,SATISFIABLE,0.0027120113372802734,66,64,1,65,0,0,0.00012699999999998823
puzzle_413.cnf,SATISFIABLE,0.0033969879150390625,66,64,1,65,0,0,0.00013599999999991397
puzzle_375.cnf,SATISFIABLE,0.0026140213012695312,66,64,1,65,0,0,0.00011600000000000499
puzzle_349.cnf,SATISFIABLE,0.0028710365295410156,66,64,1,65,0,0,0.00012500000000015277
puzzle_822.cnf,SATISFIABLE,0.002746105194091797,66,64,1,65,0,0,0.0001229999999998732
puzzle_188.cnf,SATISFIABLE,0.002761363983154297,66,64,1,65,0,0,0.0001180000000000625
puzzle_836.cnf,SATISFIABLE,0.0024902820587158203,66,64,1,65,0,0,0.00012699999999998823
puzzle_605.cnf,SATISFIABLE,0.002809286117553711,66,64,1,65,0,0,0.00011699999999992272
puzzle_163.cnf,SATISFIABLE,0.003204822540283203,66,64,1,65,0,0,0.00012399999999979094
puzzle_177.cnf,SATISFIABLE,0.003050088882446289,66,64,1,65,0,0,0.0001420000000000865
puzzle_611.cnf,SATISFIABLE,0.0025899410247802734,66,64,1,65,0,0,0.0001309999999998812
puzzle_639.cnf,SATISFIABLE,0.0027430057525634766,66,64,1,65,0,0,0.0001260000000000705
puzzle_956.cnf,SATISFIABLE,0.0027201175689697266,66,64,1,65,0,0,0.000132000000000021
puzzle_942.cnf,SATISFIABLE,0.002833843231201172,66,64,1,65,0,0,0.000132000000000021
puzzle_771.cnf,SATISFIABLE,0.002972126007080078,66,64,1,65,0,0,0.00014899999999995472
puzzle_765.cnf,SATISFIABLE,0.003515005111694336,66,64,1,65,0,0,0.000132000000000021
puzzle_995.cnf,SATISFIABLE,0.0026040077209472656,66,64,1,65,0,0,0.0001180000000000625
puzzle_981.cnf,SATISFIABLE,0.0028679370880126953,66,64,1,65,0,0,0.00011600000000000499
puzzle_759.cnf,SATISFIABLE,0.002675294876098633,66,64,1,65,0,0,0.00011499999999986521
puzzle_98.cnf,SATISFIABLE,0.002927064895629883,66,64,1,65,0,0,0.00014099999999994672
puzzle_598.cnf,SATISFIABLE,0.0027751922607421875,66,64,1,65,0,0,0.0001180000000000625
puzzle_215.cnf,SATISFIABLE,0.0026960372924804688,66,64,1,65,0,0,0.00011600000000000499
puzzle_573.cnf,SATISFIABLE,0.003498077392578125,66,64,1,65,0,0,0.00012799999999990597
puzzle_567.cnf,SATISFIABLE,0.0027070045471191406,66,64,1,65,0,0,0.00012500000000015277
puzzle_201.cnf,SATISFIABLE,0.0029370784759521484,66,64,1,65,0,0,0.0001389999999998892
puzzle_67.cnf,SATISFIABLE,0.0028798580169677734,66,64,1,65,0,0,0.0001340000000000785
puzzle_229.cnf,SATISFIABLE,0.0026938915252685547,66,64,1,65,0,0,0.0001180000000000625
puzzle_73.cnf,SATISFIABLE,0.0027761459350585938,66,64,1,65,0,0,0.00012999999999996348
puzzle_224.cnf,SATISFIABLE,0.0027539730072021484,66,64,1,65,0,0,0.00011600000000000499
puzzle_542.cnf,SATISFIABLE,0.0030088424682617188,66,64,1,65,0,0,0.00012999999999996348
puzzle_556.cnf,SATISFIABLE,0.0032978057861328125,66,64,1,65,0,0,0.00012500000000015277
puzzle_230.cnf,SATISFIABLE,0.0027761459350585938,66,64,1,65,0,0,0.00013100000000010326
puzzle_218.cnf,SATISFIABLE,0.002729177474975586,66,64,1,65,0,0,0.000128000000000128
puzzle_56.cnf,SATISFIABLE,0.002688169479370117,66,64,1,65,0,0,0.00011899999999998023
puzzle_42.cnf,SATISFIABLE,0.00299072265625,66,64,1,65,0,0,0.000124000000000013
puzzle_581.cnf,SATISFIABLE,0.002746105194091797,66,64,1,65,0,0,0.00013599999999991397
puzzle_595.cnf,SATISFIABLE,0.002774953842163086,66,64,1,65,0,0,0.00013299999999993872
puzzle_95.cnf,SATISFIABLE,0.0034418106079101562,66,64,1,65,0,0,0.0001229999999998732
puzzle_81.cnf,SATISFIABLE,0.0026950836181640625,66,64,1,65,0,0,0.00012699999999998823
puzzle_740.cnf,SATISFIABLE,0.0030059814453125,66,64,1,65,0,0,0.0001289999999998237
puzzle_998.cnf,SATISFIABLE,0.0027277469635009766,66,64,1,65,0,0,0.00011600000000000499
puzzle_754.cnf,SATISFIABLE,0.002798795700073242,66,64,1,65,0,0,0.0001229999999998732
puzzle_768.cnf,SATISFIABLE,0.002789020538330078,66,64,1,65,0,0,0.00011499999999986521
puzzle_783.cnf,SATISFIABLE,0.0028069019317626953,66,64,1,65,0,0,0.000124000000000013
puzzle_797.cnf,SATISFIABLE,0.003711223602294922,66,64,1,65,0,0,0.0001340000000000785
puzzle_967.cnf,SATISFIABLE,0.002845287322998047,66,64,1,65,0,0,0.00011899999999998023
puzzle_973.cnf,SATISFIABLE,0.0025959014892578125,66,64,1,65,0,0,0.00011699999999992272
puzzle_634.cnf,SATISFIABLE,0.0027451515197753906,66,64,1,65,0,0,0.0001369999999998317
puzzle_152.cnf,SATISFIABLE,0.00275421142578125,66,64,1,65,0,0,0.00011899999999998023
puzzle_146.cnf,SATISFIABLE,0.0031108856201171875,66,64,1,65,0,0,0.000128000000000128
puzzle_620.cnf,SATISFIABLE,0.0027778148651123047,66,64,1,65,0,0,0.00012100000000003774
puzzle_608.cnf,SATISFIABLE,0.0036170482635498047,66,64,1,65,0,0,0.000132000000000021
puzzle_191.cnf,SATISFIABLE,0.0027010440826416016,66,64,1,65,0,0,0.00013499999999999623
puzzle_185.cnf,SATISFIABLE,0.002866983413696289,66,64,1,65,0,0,0.0001260000000000705
puzzle_813.cnf,SATISFIABLE,0.003039121627807617,66,64,1,65,0,0,0.00013900000000011126
puzzle_807.cnf,SATISFIABLE,0.002897977828979492,66,64,1,65,0,0,0.00011500000000008725
puzzle_350.cnf,SATISFIABLE,0.0027430057525634766,66,64,1,65,0,0,0.00011399999999994748
puzzle_436.cnf,SATISFIABLE,0.0028989315032958984,66,64,1,65,0,0,0.0001229999999998732
puzzle_1000.cnf,SATISFIABLE,0.0026900768280029297,66,64,1,65,0,0,0.000124000000000013
puzzle_422.cnf,SATISFIABLE,0.0036411285400390625,66,64,1,65,0,0,0.00014199999999986446
puzzle_344.cnf,SATISFIABLE,0.0025331974029541016,66,64,1,65,0,0,0.000128000000000128
puzzle_378.cnf,SATISFIABLE,0.002736806869506836,66,64,1,65,0,0,0.00012499999999993072
puzzle_393.cnf,SATISFIABLE,0.002647876739501953,66,64,1,65,0,0,0.00011999999999989797
puzzle_387.cnf,SATISFIABLE,0.0028581619262695312,66,64,1,65,0,0,0.00011899999999998023
puzzle_386.cnf,SATISFIABLE,0.0027348995208740234,66,64,1,65,0,0,0.00012499999999993072
puzzle_392.cnf,SATISFIABLE,0.0028679370880126953,66,64,1,65,0,0,0.00011600000000000499
puzzle_379.cnf,SATISFIABLE,0.0031151771545410156,66,64,1,65,0,0,0.0001289999999998237
puzzle_423.cnf,SATISFIABLE,0.002741098403930664,66,64,1,65,0,0,0.00012199999999995548
puzzle_345.cnf,SATISFIABLE,0.0025720596313476562,66,64,1,65,0,0,0.000124000000000013
puzzle_351.cnf,SATISFIABLE,0.002971172332763672,66,64,1,65,0,0,0.00013399999999985646
puzzle_437.cnf,SATISFIABLE,0.002610921859741211,66,64,1,65,0,0,0.00012100000000003774
puzzle_806.cnf,SATISFIABLE,0.002735137939453125,66,64,1,65,0,0,0.00012499999999993072
puzzle_812.cnf,SATISFIABLE,0.002753019332885742,66,64,1,65,0,0,0.00012599999999984846
puzzle_184.cnf,SATISFIABLE,0.0034770965576171875,66,64,1,65,0,0,0.000132000000000021
puzzle_190.cnf,SATISFIABLE,0.0028760433197021484,66,64,1,65,0,0,0.00012100000000003774
puzzle_609.cnf,SATISFIABLE,0.0027930736541748047,66,64,1,65,0,0,0.00012699999999998823
puzzle_147.cnf,SATISFIABLE,0.002498149871826172,66,64,1,65,0,0,0.00012499999999993072
puzzle_621.cnf,SATISFIABLE,0.002766132354736328,66,64,1,65,0,0,0.00011699999999992272
puzzle_635.cnf,SATISFIABLE,0.0025501251220703125,66,64,1,65,0,0,0.00012199999999995548
puzzle_153.cnf,SATISFIABLE,0.002774953842163086,66,64,1,65,0,0,0.0001340000000000785
puzzle_972.cnf,SATISFIABLE,0.002763032913208008,66,64,1,65,0,0,0.00012699999999998823
puzzle_966.cnf,SATISFIABLE,0.0032608509063720703,66,64,1,65,0,0,0.0001209999999998157
puzzle_796.cnf,SATISFIABLE,0.0027561187744140625,66,64,1,65,0,0,0.00012499999999993072
puzzle_782.cnf,SATISFIABLE,0.0027611255645751953,66,64,1,65,0,0,0.00011500000000008725
puzzle_769.cnf,SATISFIABLE,0.002843141555786133,66,64,1,65,0,0,0.000140000000000029
puzzle_755.cnf,SATISFIABLE,0.0028128623962402344,66,64,1,65,0,0,0.00012000000000012001
puzzle_999.cnf,SATISFIABLE,0.002722024917602539,66,64,1,65,0,0,0.00013300000000016077
puzzle_741.cnf,SATISFIABLE,0.0026907920837402344,66,64,1,65,0,0,0.00011699999999992272
puzzle_80.cnf,SATISFIABLE,0.0032796859741210938,66,64,1,65,0,0,0.0001289999999998237
puzzle_94.cnf,SATISFIABLE,0.0027647018432617188,66,64,1,65,0,0,0.00012699999999998823
puzzle_594.cnf,SATISFIABLE,0.002801179885864258,66,64,1,65,0,0,0.000132000000000021
puzzle_580.cnf,SATISFIABLE,0.002564668655395508,66,64,1,65,0,0,0.000124000000000013
puzzle_43.cnf,SATISFIABLE,0.002585887908935547,66,64,1,65,0,0,0.0001229999999998732
puzzle_57.cnf,SATISFIABLE,0.0028510093688964844,66,64,1,65,0,0,0.00012699999999998823
puzzle_219.cnf,SATISFIABLE,0.002810955047607422,66,64,1,65,0,0,0.00012799999999990597
puzzle_557.cnf,SATISFIABLE,0.003614187240600586,66,64,1,65,0,0,0.000124000000000013
puzzle_231.cnf,SATISFIABLE,0.002532958984375,66,64,1,65,0,0,0.00012599999999984846
puzzle_225.cnf,SATISFIABLE,0.0027468204498291016,66,64,1,65,0,0,0.00012599999999984846
puzzle_543.cnf,SATISFIABLE,0.0025818347930908203,66,64,1,65,0,0,0.00012300000000009526
puzzle_233.cnf,SATISFIABLE,0.002777099609375,66,64,1,65,0,0,0.00013299999999993872
puzzle_555.cnf,SATISFIABLE,0.0028030872344970703,66,64,1,65,0,0,0.00011399999999994748
puzzle_541.cnf,SATISFIABLE,0.002846956253051758,66,64,1,65,0,0,0.00013100000000010326
puzzle_69.cnf,SATISFIABLE,0.0025849342346191406,66,64,1,65,0,0,0.000124000000000013
puzzle_227.cnf,SATISFIABLE,0.003262758255004883,66,64,1,65,0,0,0.000124000000000013
puzzle_41.cnf,SATISFIABLE,0.0025789737701416016,66,64,1,65,0,0,0.00012699999999998823
puzzle_569.cnf,SATISFIABLE,0.002633810043334961,66,64,1,65,0,0,0.00012500000000015277
puzzle_55.cnf,SATISFIABLE,0.0028562545776367188,66,64,1,65,0,0,0.00013100000000010326
puzzle_596.cnf,SATISFIABLE,0.0027289390563964844,66,64,1,65,0,0,0.000140000000000029
puzzle_582.cnf,SATISFIABLE,0.002657175064086914,66,64,1,65,0,0,0.00014199999999986446
puzzle_82.cnf,SATISFIABLE,0.002614736557006836,66,64,1,65,0,0,0.00012799999999990597
puzzle_96.cnf,SATISFIABLE,0.0031511783599853516,66,64,1,65,0,0,0.00012699999999998823
puzzle_757.cnf,SATISFIABLE,0.003011941909790039,66,64,1,65,0,0,0.00016499999999997073
puzzle_743.cnf,SATISFIABLE,0.002707958221435547,66,64,1,65,0,0,0.00012000000000012001
puzzle_794.cnf,SATISFIABLE,0.0027227401733398438,66,64,1,65,0,0,0.00012599999999984846
puzzle_958.cnf,SATISFIABLE,0.0028040409088134766,66,64,1,65,0,0,0.00014399999999992197
puzzle_780.cnf,SATISFIABLE,0.002875804901123047,66,64,1,65,0,0,0.00012799999999990597
puzzle_970.cnf,SATISFIABLE,0.0028731822967529297,66,64,1,65,0,0,0.00013499999999999623
puzzle_964.cnf,SATISFIABLE,0.0034308433532714844,66,64,1,65,0,0,0.00011600000000000499
puzzle_623.cnf,SATISFIABLE,0.002927064895629883,66,64,1,65,0,0,0.00012499999999993072
puzzle_145.cnf,SATISFIABLE,0.002704143524169922,66,64,1,65,0,0,0.00012699999999998823
puzzle_151.cnf,SATISFIABLE,0.002644777297973633,66,64,1,65,0,0,0.00011499999999986521
puzzle_637.cnf,SATISFIABLE,0.0029392242431640625,66,64,1,65,0,0,0.00012900000000004574
puzzle_179.cnf,SATISFIABLE,0.0027341842651367188,66,64,1,65,0,0,0.00011899999999998023
puzzle_838.cnf,SATISFIABLE,0.002777099609375,66,64,1,65,0,0,0.00013499999999999623
puzzle_186.cnf,SATISFIABLE,0.002651691436767578,66,64,1,65,0,0,0.00012900000000004574
puzzle_192.cnf,SATISFIABLE,0.003283977508544922,66,64,1,65,0,0,0.00014099999999994672
puzzle_804.cnf,SATISFIABLE,0.002786874771118164,66,64,1,65,0,0,0.00012699999999998823
puzzle_810.cnf,SATISFIABLE,0.0027060508728027344,66,64,1,65,0,0,0.00012199999999995548
puzzle_347.cnf,SATISFIABLE,0.002588987350463867,66,64,1,65,0,0,0.0001260000000000705
puzzle_421.cnf,SATISFIABLE,0.0027670860290527344,66,64,1,65,0,0,0.00012500000000015277
puzzle_435.cnf,SATISFIABLE,0.002711772918701172,66,64,1,65,0,0,0.00011600000000000499
puzzle_353.cnf,SATISFIABLE,0.0027120113372802734,66,64,1,65,0,0,0.00011600000000000499
puzzle_409.cnf,SATISFIABLE,0.0032358169555664062,66,64,1,65,0,0,0.0001340000000000785
puzzle_384.cnf,SATISFIABLE,0.0026509761810302734,66,64,1,65,0,0,0.0001289999999998237
puzzle_390.cnf,SATISFIABLE,0.002701997756958008,66,64,1,65,0,0,0.00012199999999995548
puzzle_391.cnf,SATISFIABLE,0.0027201175689697266,66,64,1,65,0,0,0.00013299999999993872
puzzle_385.cnf,SATISFIABLE,0.0024890899658203125,66,64,1,65,0,0,0.000124000000000013
puzzle_408.cnf,SATISFIABLE,0.0028510093688964844,66,64,1,65,0,0,0.00013700000000005375
puzzle_434.cnf,SATISFIABLE,0.0026030540466308594,66,64,1,65,0,0,0.00011600000000000499
puzzle_352.cnf,SATISFIABLE,0.003437042236328125,66,64,1,65,0,0,0.000124000000000013
puzzle_346.cnf,SATISFIABLE,0.0026328563690185547,66,64,1,65,0,0,0.00013000000000018552
puzzle_420.cnf,SATISFIABLE,0.0027091503143310547,66,64,1,65,0,0,0.00011600000000000499
puzzle_811.cnf,SATISFIABLE,0.0030069351196289062,66,64,1,65,0,0,0.000132000000000021
puzzle_805.cnf,SATISFIABLE,0.002619028091430664,66,64,1,65,0,0,0.00011899999999998023
puzzle_193.cnf,SATISFIABLE,0.002774953842163086,66,64,1,65,0,0,0.0001260000000000705
puzzle_839.cnf,SATISFIABLE,0.0026612281799316406,66,64,1,65,0,0,0.00011699999999992272
puzzle_187.cnf,SATISFIABLE,0.0028162002563476562,66,64,1,65,0,0,0.00011699999999992272
puzzle_178.cnf,SATISFIABLE,0.003281831741333008,66,64,1,65,0,0,0.0001260000000000705
puzzle_150.cnf,SATISFIABLE,0.002892017364501953,66,64,1,65,0,0,0.0001180000000000625
puzzle_636.cnf,SATISFIABLE,0.002665996551513672,66,64,1,65,0,0,0.00012000000000012001
puzzle_622.cnf,SATISFIABLE,0.002774953842163086,66,64,1,65,0,0,0.00013799999999997148
puzzle_144.cnf,SATISFIABLE,0.002725839614868164,66,64,1,65,0,0,0.00011699999999992272
puzzle_965.cnf,SATISFIABLE,0.0029850006103515625,66,64,1,65,0,0,0.00012999999999996348
puzzle_971.cnf,SATISFIABLE,0.002613067626953125,66,64,1,65,0,0,0.0001180000000000625
puzzle_781.cnf,SATISFIABLE,0.003429889678955078,66,64,1,65,0,0,0.00011700000000014477
puzzle_959.cnf,SATISFIABLE,0.002643108367919922,66,64,1,65,0,0,0.00012000000000012001
puzzle_795.cnf,SATISFIABLE,0.002785921096801758,66,64,1,65,0,0,0.000128000000000128
puzzle_742.cnf,SATISFIABLE,0.0026979446411132812,66,64,1,65,0,0,0.00011700000000014477
puzzle_756.cnf,SATISFIABLE,0.002747058868408203,66,64,1,65,0,0,0.0001260000000000705
puzzle_97.cnf,SATISFIABLE,0.002686023712158203,66,64,1,65,0,0,0.00012999999999996348
puzzle_83.cnf,SATISFIABLE,0.0029168128967285156,66,64,1,65,0,0,0.00012799999999990597
puzzle_583.cnf,SATISFIABLE,0.003329038619995117,66,64,1,65,0,0,0.00011699999999992272
puzzle_597.cnf,SATISFIABLE,0.0030579566955566406,66,64,1,65,0,0,0.00013499999999999623
puzzle_54.cnf,SATISFIABLE,0.002610921859741211,66,64,1,65,0,0,0.000128000000000128
puzzle_40.cnf,SATISFIABLE,0.002816915512084961,66,64,1,65,0,0,0.00011899999999998023
puzzle_568.cnf,SATISFIABLE,0.002665281295776367,66,64,1,65,0,0,0.00011600000000000499
puzzle_540.cnf,SATISFIABLE,0.0027277469635009766,66,64,1,65,0,0,0.0001289999999998237
puzzle_226.cnf,SATISFIABLE,0.002669811248779297,66,64,1,65,0,0,0.00011500000000008725
puzzle_68.cnf,SATISFIABLE,0.003551959991455078,66,64,1,65,0,0,0.00012900000000004574
puzzle_232.cnf,SATISFIABLE,0.002569913864135742,66,64,1,65,0,0,0.000124000000000013
puzzle_554.cnf,SATISFIABLE,0.002858877182006836,66,64,1,65,0,0,0.00012500000000015277
puzzle_44.cnf,SATISFIABLE,0.0027608871459960938,66,64,1,65,0,0,0.0001180000000000625
puzzle_50.cnf,SATISFIABLE,0.0027611255645751953,66,64,1,65,0,0,0.000124000000000013
puzzle_578.cnf,SATISFIABLE,0.0028340816497802734,66,64,1,65,0,0,0.00014899999999995472
puzzle_550.cnf,SATISFIABLE,0.002774953842163086,66,64,1,65,0,0,0.00011399999999994748
puzzle_236.cnf,SATISFIABLE,0.0026750564575195312,66,64,1,65,0,0,0.00012499999999993072
puzzle_78.cnf,SATISFIABLE,0.0030820369720458984,66,64,1,65,0,0,0.00012999999999996348
puzzle_222.cnf,SATISFIABLE,0.0027189254760742188,66,64,1,65,0,0,0.00011700000000014477
puzzle_544.cnf,SATISFIABLE,0.0028700828552246094,66,64,1,65,0,0,0.00012500000000015277
puzzle_87.cnf,SATISFIABLE,0.0027360916137695312,66,64,1,65,0,0,0.00011600000000000499
puzzle_93.cnf,SATISFIABLE,0.0027098655700683594,66,64,1,65,0,0,0.00012499999999993072
puzzle_593.cnf,SATISFIABLE,0.0027039051055908203,66,64,1,65,0,0,0.000128000000000128
puzzle_587.cnf,SATISFIABLE,0.0027141571044921875,66,64,1,65,0,0,0.00013299999999993872
puzzle_752.cnf,SATISFIABLE,0.003322124481201172,66,64,1,65,0,0,0.0001260000000000705
puzzle_746.cnf,SATISFIABLE,0.002689838409423828,66,64,1,65,0,0,0.0001260000000000705
puzzle_975.cnf,SATISFIABLE,0.0025458335876464844,66,64,1,65,0,0,0.000124000000000013
puzzle_961.cnf,SATISFIABLE,0.0027849674224853516,66,64,1,65,0,0,0.00014099999999994672
puzzle_949.cnf,SATISFIABLE,0.002666950225830078,66,64,1,65,0,0,0.000136000000000136
puzzle_791.cnf,SATISFIABLE,0.002905130386352539,66,64,1,65,0,0,0.00013299999999993872
puzzle_785.cnf,SATISFIABLE,0.0025839805603027344,66,64,1,65,0,0,0.00011899999999998023
puzzle_168.cnf,SATISFIABLE,0.0034990310668945312,66,64,1,65,0,0,0.0001260000000000705
puzzle_140.cnf,SATISFIABLE,0.00261688232421875,66,64,1,65,0,0,0.00011600000000000499
puzzle_626.cnf,SATISFIABLE,0.002737760543823242,66,64,1,65,0,0,0.0001229999999998732
puzzle_632.cnf,SATISFIABLE,0.0024929046630859375,66,64,1,65,0,0,0.0001260000000000705
puzzle_154.cnf,SATISFIABLE,0.0029001235961914062,66,64,1,65,0,0,0.00013100000000010326
puzzle_801.cnf,SATISFIABLE,0.002655029296875,66,64,1,65,0,0,0.00012199999999995548
puzzle_815.cnf,SATISFIABLE,0.002643108367919922,66,64,1,65,0,0,0.00012300000000009526
puzzle_183.cnf,SATISFIABLE,0.0026140213012695312,66,64,1,65,0,0,0.00012699999999998823
puzzle_829.cnf,SATISFIABLE,0.00322723388671875,66,64,1,65,0,0,0.00011699999999992272
puzzle_197.cnf,SATISFIABLE,0.002768993377685547,66,64,1,65,0,0,0.00012399999999979094
puzzle_418.cnf,SATISFIABLE,0.002832174301147461,66,64,1,65,0,0,0.0001180000000000625
puzzle_424.cnf,SATISFIABLE,0.002557039260864258,66,64,1,65,0,0,0.00012799999999968392
puzzle_342.cnf,SATISFIABLE,0.002852201461791992,66,64,1,65,0,0,0.00011500000000008725
puzzle_356.cnf,SATISFIABLE,0.002682924270629883,66,64,1,65,0,0,0.00011500000000008725
puzzle_430.cnf,SATISFIABLE,0.002758026123046875,66,64,1,65,0,0,0.00012200000000017752
puzzle_381.cnf,SATISFIABLE,0.003245830535888672,66,64,1,65,0,0,0.00011900000000020228
puzzle_395.cnf,SATISFIABLE,0.0027790069580078125,66,64,1,65,0,0,0.00012700000000043232
puzzle_394.cnf,SATISFIABLE,0.0027229785919189453,66,64,1,65,0,0,0.00012100000000003774
puzzle_380.cnf,SATISFIABLE,0.002750873565673828,66,64,1,65,0,0,0.000140000000000029
puzzle_357.cnf,SATISFIABLE,0.0028579235076904297,66,64,1,65,0,0,0.00013699999999960966
puzzle_431.cnf,SATISFIABLE,0.0028429031372070312,66,64,1,65,0,0,0.00013599999999991397
puzzle_425.cnf,SATISFIABLE,0.0028061866760253906,66,64,1,65,0,0,0.00012599999999984846
puzzle_343.cnf,SATISFIABLE,0.0034711360931396484,66,64,1,65,0,0,0.00012500000000015277
puzzle_419.cnf,SATISFIABLE,0.0032219886779785156,66,64,1,65,0,0,0.00014300000000000423
puzzle_828.cnf,SATISFIABLE,0.0028409957885742188,66,64,1,65,0,0,0.00012999999999996348
puzzle_196.cnf,SATISFIABLE,0.0027489662170410156,66,64,1,65,0,0,0.0001289999999998237
puzzle_182.cnf,SATISFIABLE,0.002679109573364258,66,64,1,65,0,0,0.0001289999999998237
puzzle_814.cnf,SATISFIABLE,0.0026509761810302734,66,64,1,65,0,0,0.0001290000000002678
puzzle_800.cnf,SATISFIABLE,0.002763032913208008,66,64,1,65,0,0,0.000144000000000144
puzzle_633.cnf,SATISFIABLE,0.0036649703979492188,66,64,1,65,0,0,0.0001180000000000625
puzzle_155.cnf,SATISFIABLE,0.002752065658569336,66,64,1,65,0,0,0.00013299999999993872
puzzle_141.cnf,SATISFIABLE,0.0027849674224853516,66,64,1,65,0,0,0.00011599999999978294
puzzle_627.cnf,SATISFIABLE,0.002869844436645508,66,64,1,65,0,0,0.00011900000000020228
puzzle_169.cnf,SATISFIABLE,0.0026900768280029297,66,64,1,65,0,0,0.00011699999999992272
puzzle_784.cnf,SATISFIABLE,0.0029299259185791016,66,64,1,65,0,0,0.0001229999999998732
puzzle_790.cnf,SATISFIABLE,0.002852916717529297,66,64,1,65,0,0,0.00011600000000022703
puzzle_948.cnf,SATISFIABLE,0.002714872360229492,66,64,1,65,0,0,0.00013299999999993872
puzzle_960.cnf,SATISFIABLE,0.003351926803588867,66,64,1,65,0,0,0.00012999999999996348
puzzle_974.cnf,SATISFIABLE,0.0027840137481689453,66,64,1,65,0,0,0.0001390000000003333
puzzle_747.cnf,SATISFIABLE,0.002730131149291992,66,64,1,65,0,0,0.00012999999999996348
puzzle_753.cnf,SATISFIABLE,0.002824068069458008,66,64,1,65,0,0,0.000140000000000029
puzzle_586.cnf,SATISFIABLE,0.0029060840606689453,66,64,1,65,0,0,0.0001229999999998732
puzzle_592.cnf,SATISFIABLE,0.0026760101318359375,66,64,1,65,0,0,0.00012699999999998823
puzzle_92.cnf,SATISFIABLE,0.0028696060180664062,66,64,1,65,0,0,0.00014800000000025904
puzzle_86.cnf,SATISFIABLE,0.0037178993225097656,66,64,1,65,0,0,0.00014099999999972468
puzzle_223.cnf,SATISFIABLE,0.003191232681274414,66,64,1,65,0,0,0.00015199999999992997
puzzle_545.cnf,SATISFIABLE,0.004807233810424805,66,64,1,65,0,0,0.00035699999999971865
puzzle_551.cnf,SATISFIABLE,0.0029218196868896484,66,64,1,65,0,0,0.00014599999999997948
puzzle_79.cnf,SATISFIABLE,0.002933025360107422,66,64,1,65,0,0,0.00013299999999993872
puzzle_237.cnf,SATISFIABLE,0.011103153228759766,66,64,1,65,0,0,0.00020499999999978868
puzzle_51.cnf,SATISFIABLE,0.052187204360961914,66,64,1,65,0,0,0.00014899999999995472
puzzle_579.cnf,SATISFIABLE,0.003720998764038086,66,64,1,65,0,0,0.00015300000000006975
puzzle_45.cnf,SATISFIABLE,0.005925893783569336,66,64,1,65,0,0,0.0001609999999998557
puzzle_53.cnf,SATISFIABLE,0.0030138492584228516,66,64,1,65,0,0,0.00014700000000011926
puzzle_47.cnf,SATISFIABLE,0.0061817169189453125,66,64,1,65,0,0,0.00015399999999976544
puzzle_209.cnf,SATISFIABLE,0.0028276443481445312,66,64,1,65,0,0,0.00014700000000011926
puzzle_547.cnf,SATISFIABLE,0.002897024154663086,66,64,1,65,0,0,0.0001290000000002678
puzzle_221.cnf,SATISFIABLE,0.002691984176635742,66,64,1,65,0,0,0.0001229999999998732
puzzle_235.cnf,SATISFIABLE,0.002972126007080078,66,64,1,65,0,0,0.00014399999999969992
puzzle_553.cnf,SATISFIABLE,0.0034351348876953125,66,64,1,65,0,0,0.0001290000000002678
puzzle_90.cnf,SATISFIABLE,0.0028438568115234375,66,64,1,65,0,0,0.00013299999999993872
puzzle_84.cnf,SATISFIABLE,0.002759218215942383,66,64,1,65,0,0,0.00013700000000005375
puzzle_584.cnf,SATISFIABLE,0.002866029739379883,66,64,1,65,0,0,0.00012599999999984846
puzzle_590.cnf,SATISFIABLE,0.0028870105743408203,66,64,1,65,0,0,0.00014300000000000423
puzzle_779.cnf,SATISFIABLE,0.0027239322662353516,66,64,1,65,0,0,0.00013299999999993872
puzzle_745.cnf,SATISFIABLE,0.002811908721923828,66,64,1,65,0,0,0.000128000000000128
puzzle_751.cnf,SATISFIABLE,0.003515005111694336,66,64,1,65,0,0,0.00012699999999998823
puzzle_989.cnf,SATISFIABLE,0.002763032913208008,66,64,1,65,0,0,0.000124000000000013
puzzle_962.cnf,SATISFIABLE,0.0028526782989501953,66,64,1,65,0,0,0.00013799999999974943
puzzle_976.cnf,SATISFIABLE,0.0028111934661865234,66,64,1,65,0,0,0.00012699999999998823
puzzle_786.cnf,SATISFIABLE,0.002893209457397461,66,64,1,65,0,0,0.00013199999999979894
puzzle_792.cnf,SATISFIABLE,0.0027320384979248047,66,64,1,65,0,0,0.00012100000000003774
puzzle_619.cnf,SATISFIABLE,0.0029501914978027344,66,64,1,65,0,0,0.0001349999999997742
puzzle_157.cnf,SATISFIABLE,0.0036330223083496094,66,64,1,65,0,0,0.0001389999999998892
puzzle_631.cnf,SATISFIABLE,0.002925872802734375,66,64,1,65,0,0,0.00013200000000024303
puzzle_625.cnf,SATISFIABLE,0.002871990203857422,66,64,1,65,0,0,0.00012999999999996348
puzzle_143.cnf,SATISFIABLE,0.0027408599853515625,66,64,1,65,0,0,0.00012699999999998823
puzzle_816.cnf,SATISFIABLE,0.0026192665100097656,66,64,1,65,0,0,0.00011700000000036681
puzzle_802.cnf,SATISFIABLE,0.003119945526123047,66,64,1,65,0,0,0.00013700000000005375
puzzle_194.cnf,SATISFIABLE,0.002732992172241211,66,64,1,65,0,0,0.000144000000000144
puzzle_180.cnf,SATISFIABLE,0.003834247589111328,66,64,1,65,0,0,0.00012499999999970868
puzzle_369.cnf,SATISFIABLE,0.0028769969940185547,66,64,1,65,0,0,0.00012799999999968392
puzzle_433.cnf,SATISFIABLE,0.0029480457305908203,66,64,1,65,0,0,0.00012599999999984846
puzzle_355.cnf,SATISFIABLE,0.0028350353240966797,66,64,1,65,0,0,0.000140000000000029
puzzle_341.cnf,SATISFIABLE,0.003033876419067383,66,64,1,65,0,0,0.00014599999999997948
puzzle_427.cnf,SATISFIABLE,0.0027272701263427734,66,64,1,65,0,0,0.00013800000000019352
puzzle_396.cnf,SATISFIABLE,0.003921985626220703,66,64,1,65,0,0,0.00017600000000017602
puzzle_382.cnf,SATISFIABLE,0.0040378570556640625,66,64,1,65,0,0,0.00013799999999974943
puzzle_383.cnf,SATISFIABLE,0.004409313201904297,66,64,1,65,0,0,0.000144000000000144
puzzle_397.cnf,SATISFIABLE,0.0027420520782470703,66,64,1,65,0,0,0.00014100000000016877
puzzle_340.cnf,SATISFIABLE,0.0029098987579345703,66,64,1,65,0,0,0.00013199999999979894
puzzle_426.cnf,SATISFIABLE,0.002928018569946289,66,64,1,65,0,0,0.00017000000000022553
puzzle_432.cnf,SATISFIABLE,0.003100156784057617,66,64,1,65,0,0,0.00015199999999992997
puzzle_354.cnf,SATISFIABLE,0.0026848316192626953,66,64,1,65,0,0,0.00013800000000019352
puzzle_368.cnf,SATISFIABLE,0.0029120445251464844,66,64,1,65,0,0,0.00014700000000011926
puzzle_181.cnf,SATISFIABLE,0.003426074981689453,66,64,1,65,0,0,0.00013200000000024303
puzzle_195.cnf,SATISFIABLE,0.0032510757446289062,66,64,1,65,0,0,0.00013700000000005375
puzzle_803.cnf,SATISFIABLE,0.0026950836181640625,66,64,1,65,0,0,0.0001349999999997742
puzzle_817.cnf,SATISFIABLE,0.0028319358825683594,66,64,1,65,0,0,0.00012099999999959365
puzzle_624.cnf,SATISFIABLE,0.0027828216552734375,66,64,1,65,0,0,0.0001230000000003173
puzzle_142.cnf,SATISFIABLE,0.0029282569885253906,66,64,1,65,0,0,0.00012499999999970868
puzzle_156.cnf,SATISFIABLE,0.002933979034423828,66,64,1,65,0,0,0.0001389999999998892
puzzle_630.cnf,SATISFIABLE,0.003473043441772461,66,64,1,65,0,0,0.0001449999999998397
puzzle_618.cnf,SATISFIABLE,0.0026121139526367188,66,64,1,65,0,0,0.0001340000000000785
puzzle_793.cnf,SATISFIABLE,0.002834796905517578,66,64,1,65,0,0,0.00013700000000005375
puzzle_787.cnf,SATISFIABLE,0.0026290416717529297,66,64,1,65,0,0,0.00012600000000029254
puzzle_977.cnf,SATISFIABLE,0.003010988235473633,66,64,1,65,0,0,0.00012999999999996348
puzzle_963.cnf,SATISFIABLE,0.0027790069580078125,66,64,1,65,0,0,0.00011999999999989797
puzzle_988.cnf,SATISFIABLE,0.0029261112213134766,66,64,1,65,0,0,0.00012500000000015277
puzzle_750.cnf,SATISFIABLE,0.002658843994140625,66,64,1,65,0,0,0.00011699999999992272
puzzle_744.cnf,SATISFIABLE,0.0035529136657714844,66,64,1,65,0,0,0.00012999999999996348
puzzle_778.cnf,SATISFIABLE,0.002777099609375,66,64,1,65,0,0,0.00012699999999998823
puzzle_591.cnf,SATISFIABLE,0.0028009414672851562,66,64,1,65,0,0,0.00013799999999974943
puzzle_585.cnf,SATISFIABLE,0.0027670860290527344,66,64,1,65,0,0,0.00012000000000034206
puzzle_85.cnf,SATISFIABLE,0.0028409957885742188,66,64,1,65,0,0,0.00011500000000008725
puzzle_91.cnf,SATISFIABLE,0.0026700496673583984,66,64,1,65,0,0,0.00012500000000015277
puzzle_234.cnf,SATISFIABLE,0.0027849674224853516,66,64,1,65,0,0,0.000124000000000013
puzzle_552.cnf,SATISFIABLE,0.0034940242767333984,66,64,1,65,0,0,0.0001449999999998397
puzzle_546.cnf,SATISFIABLE,0.002792835235595703,66,64,1,65,0,0,0.0001349999999997742
puzzle_220.cnf,SATISFIABLE,0.002756834030151367,66,64,1,65,0,0,0.00011799999999961841
puzzle_208.cnf,SATISFIABLE,0.0027709007263183594,66,64,1,65,0,0,0.00013599999999991397
puzzle_46.cnf,SATISFIABLE,0.002907276153564453,66,64,1,65,0,0,0.0001180000000000625
puzzle_52.cnf,SATISFIABLE,0.0027959346771240234,66,64,1,65,0,0,0.00014300000000000423
puzzle_521.cnf,SATISFIABLE,0.0027399063110351562,66,64,1,65,0,0,0.00012699999999998823
puzzle_247.cnf,SATISFIABLE,0.0035200119018554688,66,64,1,65,0,0,0.00013600000000035806
puzzle_253.cnf,SATISFIABLE,0.0028069019317626953,66,64,1,65,0,0,0.0001289999999998237
puzzle_535.cnf,SATISFIABLE,0.0030760765075683594,66,64,1,65,0,0,0.00014300000000000423
puzzle_35.cnf,SATISFIABLE,0.0028710365295410156,66,64,1,65,0,0,0.00012099999999959365
puzzle_21.cnf,SATISFIABLE,0.0028412342071533203,66,64,1,65,0,0,0.0001230000000003173
puzzle_509.cnf,SATISFIABLE,0.0026810169219970703,66,64,1,65,0,0,0.000124000000000013
puzzle_284.cnf,SATISFIABLE,0.0027709007263183594,66,64,1,65,0,0,0.00012499999999970868
puzzle_290.cnf,SATISFIABLE,0.0038709640502929688,66,64,1,65,0,0,0.00012099999999959365
puzzle_723.cnf,SATISFIABLE,0.0028569698333740234,66,64,1,65,0,0,0.00013200000000024303
puzzle_737.cnf,SATISFIABLE,0.002893686294555664,66,64,1,65,0,0,0.0001340000000000785
puzzle_938.cnf,SATISFIABLE,0.0028390884399414062,66,64,1,65,0,0,0.00013299999999993872
puzzle_904.cnf,SATISFIABLE,0.0026960372924804688,66,64,1,65,0,0,0.0001389999999998892
puzzle_910.cnf,SATISFIABLE,0.0029900074005126953,66,64,1,65,0,0,0.0001180000000000625
puzzle_131.cnf,SATISFIABLE,0.002814054489135742,66,64,1,65,0,0,0.00012100000000003774
puzzle_657.cnf,SATISFIABLE,0.0027599334716796875,66,64,1,65,0,0,0.000124000000000013
puzzle_643.cnf,SATISFIABLE,0.0032608509063720703,66,64,1,65,0,0,0.0001180000000000625
puzzle_125.cnf,SATISFIABLE,0.0028569698333740234,66,64,1,65,0,0,0.000124000000000013
puzzle_119.cnf,SATISFIABLE,0.0028412342071533203,66,64,1,65,0,0,0.00012499999999970868
puzzle_694.cnf,SATISFIABLE,0.002856016159057617,66,64,1,65,0,0,0.0001229999999998732
puzzle_680.cnf,SATISFIABLE,0.0027408599853515625,66,64,1,65,0,0,0.00012699999999998823
puzzle_858.cnf,SATISFIABLE,0.0027587413787841797,66,64,1,65,0,0,0.00011699999999992272
puzzle_870.cnf,SATISFIABLE,0.0027360916137695312,66,64,1,65,0,0,0.00012600000000029254
puzzle_864.cnf,SATISFIABLE,0.0035991668701171875,66,64,1,65,0,0,0.00012600000000029254
puzzle_455.cnf,SATISFIABLE,0.002713918685913086,66,64,1,65,0,0,0.00012100000000003774
puzzle_333.cnf,SATISFIABLE,0.002992868423461914,66,64,1,65,0,0,0.00012599999999984846
puzzle_327.cnf,SATISFIABLE,0.002646923065185547,66,64,1,65,0,0,0.00012100000000003774
puzzle_441.cnf,SATISFIABLE,0.0028181076049804688,66,64,1,65,0,0,0.00012599999999984846
puzzle_469.cnf,SATISFIABLE,0.002779722213745117,66,64,1,65,0,0,0.00012699999999998823
puzzle_496.cnf,SATISFIABLE,0.0028259754180908203,66,64,1,65,0,0,0.00012699999999998823
puzzle_482.cnf,SATISFIABLE,0.0034027099609375,66,64,1,65,0,0,0.00011799999999961841
puzzle_483.cnf,SATISFIABLE,0.0028982162475585938,66,64,1,65,0,0,0.00012200000000017752
puzzle_497.cnf,SATISFIABLE,0.002684354782104492,66,64,1,65,0,0,0.00012500000000015277
puzzle_468.cnf,SATISFIABLE,0.003443002700805664,66,64,1,65,0,0,0.00013100000000010326
puzzle_326.cnf,SATISFIABLE,0.002775907516479492,66,64,1,65,0,0,0.00012100000000003774
puzzle_440.cnf,SATISFIABLE,0.002852916717529297,66,64,1,65,0,0,0.0001340000000000785
puzzle_454.cnf,SATISFIABLE,0.002858877182006836,66,64,1,65,0,0,0.00012799999999968392
puzzle_332.cnf,SATISFIABLE,0.003780841827392578,66,64,1,65,0,0,0.00012699999999998823
puzzle_865.cnf,SATISFIABLE,0.0028579235076904297,66,64,1,65,0,0,0.0001290000000002678
puzzle_871.cnf,SATISFIABLE,0.002846956253051758,66,64,1,65,0,0,0.00012999999999996348
puzzle_859.cnf,SATISFIABLE,0.0026018619537353516,66,64,1,65,0,0,0.00011899999999975819
puzzle_681.cnf,SATISFIABLE,0.0028586387634277344,66,64,1,65,0,0,0.0001129999999998077
puzzle_695.cnf,SATISFIABLE,0.002727985382080078,66,64,1,65,0,0,0.00011599999999978294
puzzle_118.cnf,SATISFIABLE,0.0029649734497070312,66,64,1,65,0,0,0.00013100000000010326
puzzle_642.cnf,SATISFIABLE,0.0026929378509521484,66,64,1,65,0,0,0.00012799999999968392
puzzle_124.cnf,SATISFIABLE,0.0033490657806396484,66,64,1,65,0,0,0.00013700000000005375
puzzle_130.cnf,SATISFIABLE,0.0026619434356689453,66,64,1,65,0,0,0.00012500000000015277
puzzle_656.cnf,SATISFIABLE,0.0029137134552001953,66,64,1,65,0,0,0.00012500000000015277
puzzle_911.cnf,SATISFIABLE,0.0027878284454345703,66,64,1,65,0,0,0.00012799999999968392
puzzle_905.cnf,SATISFIABLE,0.0028319358825683594,66,64,1,65,0,0,0.00011900000000020228
puzzle_939.cnf,SATISFIABLE,0.0027620792388916016,66,64,1,65,0,0,0.00012500000000015277
puzzle_736.cnf,SATISFIABLE,0.002924680709838867,66,64,1,65,0,0,0.000124000000000013
puzzle_722.cnf,SATISFIABLE,0.0033559799194335938,66,64,1,65,0,0,0.00013299999999993872
puzzle_291.cnf,SATISFIABLE,0.0030410289764404297,66,64,1,65,0,0,0.00013299999999993872
puzzle_285.cnf,SATISFIABLE,0.002618074417114258,66,64,1,65,0,0,0.00012999999999996348
puzzle_20.cnf,SATISFIABLE,0.0028100013732910156,66,64,1,65,0,0,0.00012600000000029254
puzzle_508.cnf,SATISFIABLE,0.002717256546020508,66,64,1,65,0,0,0.00012100000000003774
puzzle_34.cnf,SATISFIABLE,0.0028967857360839844,66,64,1,65,0,0,0.0001229999999998732
puzzle_252.cnf,SATISFIABLE,0.002948284149169922,66,64,1,65,0,0,0.000124000000000013
puzzle_534.cnf,SATISFIABLE,0.003547191619873047,66,64,1,65,0,0,0.00012199999999973343
puzzle_520.cnf,SATISFIABLE,0.0028009414672851562,66,64,1,65,0,0,0.0001229999999998732
puzzle_246.cnf,SATISFIABLE,0.002930879592895508,66,64,1,65,0,0,0.00012599999999984846
puzzle_536.cnf,SATISFIABLE,0.002655029296875,66,64,1,65,0,0,0.00013099999999965917
puzzle_250.cnf,SATISFIABLE,0.0029282569885253906,66,64,1,65,0,0,0.0001180000000000625
puzzle_244.cnf,SATISFIABLE,0.0027551651000976562,66,64,1,65,0,0,0.0001330000000003828
puzzle_522.cnf,SATISFIABLE,0.0028162002563476562,66,64,1,65,0,0,0.00011599999999978294
puzzle_22.cnf,SATISFIABLE,0.0032868385314941406,66,64,1,65,0,0,0.00012500000000015277
puzzle_36.cnf,SATISFIABLE,0.002794981002807617,66,64,1,65,0,0,0.000140000000000029
puzzle_278.cnf,SATISFIABLE,0.002972841262817383,66,64,1,65,0,0,0.00013599999999991397
puzzle_293.cnf,SATISFIABLE,0.002910137176513672,66,64,1,65,0,0,0.0001290000000002678
puzzle_287.cnf,SATISFIABLE,0.0027718544006347656,66,64,1,65,0,0,0.00011600000000022703
puzzle_734.cnf,SATISFIABLE,0.0028688907623291016,66,64,1,65,0,0,0.0001289999999998237
puzzle_720.cnf,SATISFIABLE,0.0026559829711914062,66,64,1,65,0,0,0.00013100000000010326
puzzle_708.cnf,SATISFIABLE,0.002758026123046875,66,64,1,65,0,0,0.00013100000000010326
puzzle_913.cnf,SATISFIABLE,0.0035970211029052734,66,64,1,65,0,0,0.0001449999999998397
puzzle_907.cnf,SATISFIABLE,0.0027458667755126953,66,64,1,65,0,0,0.000128000000000128
puzzle_126.cnf,SATISFIABLE,0.002680063247680664,66,64,1,65,0,0,0.00012699999999998823
puzzle_898.cnf,SATISFIABLE,0.0028738975524902344,66,64,1,65,0,0,0.0001289999999998237
puzzle_640.cnf,SATISFIABLE,0.002824068069458008,66,64,1,65,0,0,0.00012200000000017752
puzzle_654.cnf,SATISFIABLE,0.0027990341186523438,66,64,1,65,0,0,0.000140000000000029
puzzle_132.cnf,SATISFIABLE,0.002619028091430664,66,64,1,65,0,0,0.000128000000000128
puzzle_668.cnf,SATISFIABLE,0.003258228302001953,66,64,1,65,0,0,0.000128000000000128
puzzle_683.cnf,SATISFIABLE,0.0026543140411376953,66,64,1,65,0,0,0.00012999999999996348
puzzle_697.cnf,SATISFIABLE,0.002849102020263672,66,64,1,65,0,0,0.0001229999999998732
puzzle_867.cnf,SATISFIABLE,0.002823352813720703,66,64,1,65,0,0,0.00013700000000005375
puzzle_873.cnf,SATISFIABLE,0.002721071243286133,66,64,1,65,0,0,0.00011600000000022703
puzzle_442.cnf,SATISFIABLE,0.0026171207427978516,66,64,1,65,0,0,0.00011699999999992272
puzzle_324.cnf,SATISFIABLE,0.002719879150390625,66,64,1,65,0,0,0.00013100000000010326
puzzle_330.cnf,SATISFIABLE,0.0034449100494384766,66,64,1,65,0,0,0.00011300000000025179
puzzle_456.cnf,SATISFIABLE,0.0028829574584960938,66,64,1,65,0,0,0.0001340000000000785
puzzle_318.cnf,SATISFIABLE,0.0027551651000976562,66,64,1,65,0,0,0.0001180000000000625
puzzle_481.cnf,SATISFIABLE,0.002875089645385742,66,64,1,65,0,0,0.00013700000000005375
puzzle_495.cnf,SATISFIABLE,0.002658843994140625,66,64,1,65,0,0,0.0001229999999998732
puzzle_494.cnf,SATISFIABLE,0.0028438568115234375,66,64,1,65,0,0,0.00013099999999965917
puzzle_480.cnf,SATISFIABLE,0.0027649402618408203,66,64,1,65,0,0,0.0001230000000003173
puzzle_319.cnf,SATISFIABLE,0.0028269290924072266,66,64,1,65,0,0,0.0001290000000002678
puzzle_331.cnf,SATISFIABLE,0.003141164779663086,66,64,1,65,0,0,0.0001289999999998237
puzzle_457.cnf,SATISFIABLE,0.002837657928466797,66,64,1,65,0,0,0.000124000000000013
puzzle_443.cnf,SATISFIABLE,0.0027930736541748047,66,64,1,65,0,0,0.00013700000000005375
puzzle_325.cnf,SATISFIABLE,0.003076791763305664,66,64,1,65,0,0,0.00012599999999984846
puzzle_872.cnf,SATISFIABLE,0.002765178680419922,66,64,1,65,0,0,0.0001289999999998237
puzzle_866.cnf,SATISFIABLE,0.0029549598693847656,66,64,1,65,0,0,0.000124000000000013
puzzle_696.cnf,SATISFIABLE,0.002727031707763672,66,64,1,65,0,0,0.00011599999999978294
puzzle_682.cnf,SATISFIABLE,0.0033130645751953125,66,64,1,65,0,0,0.000124000000000013
puzzle_669.cnf,SATISFIABLE,0.002758026123046875,66,64,1,65,0,0,0.000124000000000013
puzzle_655.cnf,SATISFIABLE,0.002905130386352539,66,64,1,65,0,0,0.00012100000000003774
puzzle_133.cnf,SATISFIABLE,0.0028159618377685547,66,64,1,65,0,0,0.0001229999999998732
puzzle_127.cnf,SATISFIABLE,0.002892017364501953,66,64,1,65,0,0,0.00012500000000015277
puzzle_641.cnf,SATISFIABLE,0.0027570724487304688,66,64,1,65,0,0,0.00012599999999984846
puzzle_899.cnf,SATISFIABLE,0.0029981136322021484,66,64,1,65,0,0,0.000124000000000013
puzzle_906.cnf,SATISFIABLE,0.003364086151123047,66,64,1,65,0,0,0.00011399999999994748
puzzle_912.cnf,SATISFIABLE,0.002792835235595703,66,64,1,65,0,0,0.00013299999999993872
puzzle_709.cnf,SATISFIABLE,0.0027599334716796875,66,64,1,65,0,0,0.00013299999999993872
puzzle_721.cnf,SATISFIABLE,0.002797842025756836,66,64,1,65,0,0,0.00013599999999991397
puzzle_735.cnf,SATISFIABLE,0.002712726593017578,66,64,1,65,0,0,0.00013199999999979894
puzzle_286.cnf,SATISFIABLE,0.002962827682495117,66,64,1,65,0,0,0.00013299999999993872
puzzle_292.cnf,SATISFIABLE,0.0026569366455078125,66,64,1,65,0,0,0.00011599999999978294
puzzle_279.cnf,SATISFIABLE,0.003386259078979492,66,64,1,65,0,0,0.0001229999999998732
puzzle_37.cnf,SATISFIABLE,0.002621889114379883,66,64,1,65,0,0,0.00011900000000020228
puzzle_23.cnf,SATISFIABLE,0.0027451515197753906,66,64,1,65,0,0,0.00012600000000029254
puzzle_245.cnf,SATISFIABLE,0.002857208251953125,66,64,1,65,0,0,0.00015300000000006975
puzzle_523.cnf,SATISFIABLE,0.002902984619140625,66,64,1,65,0,0,0.00012499999999970868
puzzle_537.cnf,SATISFIABLE,0.0026280879974365234,66,64,1,65,0,0,0.00011599999999978294
puzzle_251.cnf,SATISFIABLE,0.0027701854705810547,66,64,1,65,0,0,0.00014199999999986446
puzzle_269.cnf,SATISFIABLE,0.002543926239013672,66,64,1,65,0,0,0.0001230000000003173
puzzle_27.cnf,SATISFIABLE,0.003490924835205078,66,64,1,65,0,0,0.00013299999999993872
puzzle_33.cnf,SATISFIABLE,0.0026178359985351562,66,64,1,65,0,0,0.00012999999999996348
puzzle_255.cnf,SATISFIABLE,0.002791881561279297,66,64,1,65,0,0,0.00013299999999993872
puzzle_533.cnf,SATISFIABLE,0.002652883529663086,66,64,1,65,0,0,0.00013599999999991397
puzzle_527.cnf,SATISFIABLE,0.002726316452026367,66,64,1,65,0,0,0.00012499999999970868
puzzle_241.cnf,SATISFIABLE,0.002811908721923828,66,64,1,65,0,0,0.000124000000000013
puzzle_296.cnf,SATISFIABLE,0.00273895263671875,66,64,1,65,0,0,0.0001289999999998237
puzzle_282.cnf,SATISFIABLE,0.003347158432006836,66,64,1,65,0,0,0.0001180000000000625
puzzle_719.cnf,SATISFIABLE,0.002765178680419922,66,64,1,65,0,0,0.0001349999999997742
puzzle_731.cnf,SATISFIABLE,0.0025222301483154297,66,64,1,65,0,0,0.00012599999999984846
puzzle_725.cnf,SATISFIABLE,0.002881765365600586,66,64,1,65,0,0,0.000124000000000013
puzzle_916.cnf,SATISFIABLE,0.0025327205657958984,66,64,1,65,0,0,0.00012799999999968392
puzzle_902.cnf,SATISFIABLE,0.0027799606323242188,66,64,1,65,0,0,0.00013299999999993872
puzzle_679.cnf,SATISFIABLE,0.0025682449340820312,66,64,1,65,0,0,0.00013100000000010326
puzzle_645.cnf,SATISFIABLE,0.0034139156341552734,66,64,1,65,0,0,0.00011900000000020228
puzzle_123.cnf,SATISFIABLE,0.002553701400756836,66,64,1,65,0,0,0.000128000000000128
puzzle_137.cnf,SATISFIABLE,0.0028619766235351562,66,64,1,65,0,0,0.00013799999999974943
puzzle_889.cnf,SATISFIABLE,0.0026590824127197266,66,64,1,65,0,0,0.00012599999999984846
puzzle_651.cnf,SATISFIABLE,0.0028710365295410156,66,64,1,65,0,0,0.0001349999999997742
puzzle_862.cnf,SATISFIABLE,0.002743959426879883,66,64,1,65,0,0,0.00011899999999975819
puzzle_876.cnf,SATISFIABLE,0.002810955047607422,66,64,1,65,0,0,0.00012499999999970868
puzzle_686.cnf,SATISFIABLE,0.002813100814819336,66,64,1,65,0,0,0.00013599999999991397
puzzle_692.cnf,SATISFIABLE,0.0032520294189453125,66,64,1,65,0,0,0.00012699999999998823
puzzle_309.cnf,SATISFIABLE,0.0027136802673339844,66,64,1,65,0,0,0.00012699999999998823
puzzle_321.cnf,SATISFIABLE,0.0028100013732910156,66,64,1,65,0,0,0.00013199999999979894
puzzle_447.cnf,SATISFIABLE,0.002666950225830078,66,64,1,65,0,0,0.00012600000000029254
puzzle_453.cnf,SATISFIABLE,0.0028929710388183594,66,64,1,65,0,0,0.00014200000000030855
puzzle_335.cnf,SATISFIABLE,0.002628803253173828,66,64,1,65,0,0,0.000124000000000013
puzzle_484.cnf,SATISFIABLE,0.002920866012573242,66,64,1,65,0,0,0.000124000000000013
puzzle_490.cnf,SATISFIABLE,0.0032770633697509766,66,64,1,65,0,0,0.00012600000000029254
puzzle_491.cnf,SATISFIABLE,0.0026612281799316406,66,64,1,65,0,0,0.00012599999999984846
puzzle_485.cnf,SATISFIABLE,0.002807140350341797,66,64,1,65,0,0,0.00012499999999970868
puzzle_452.cnf,SATISFIABLE,0.002794027328491211,66,64,1,65,0,0,0.00012599999999984846
puzzle_334.cnf,SATISFIABLE,0.002652883529663086,66,64,1,65,0,0,0.0001289999999998237
puzzle_320.cnf,SATISFIABLE,0.00290679931640625,66,64,1,65,0,0,0.0001230000000003173
puzzle_446.cnf,SATISFIABLE,0.002850055694580078,66,64,1,65,0,0,0.00013299999999993872
puzzle_308.cnf,SATISFIABLE,0.003651142120361328,66,64,1,65,0,0,0.00012599999999984846
puzzle_693.cnf,SATISFIABLE,0.002813100814819336,66,64,1,65,0,0,0.00012200000000017752
puzzle_687.cnf,SATISFIABLE,0.0028641223907470703,66,64,1,65,0,0,0.0001340000000000785
puzzle_877.cnf,SATISFIABLE,0.0028378963470458984,66,64,1,65,0,0,0.00012100000000003774
puzzle_863.cnf,SATISFIABLE,0.002766132354736328,66,64,1,65,0,0,0.00012500000000015277
puzzle_136.cnf,SATISFIABLE,0.0029687881469726562,66,64,1,65,0,0,0.00011599999999978294
puzzle_650.cnf,SATISFIABLE,0.0028679370880126953,66,64,1,65,0,0,0.00013100000000010326
puzzle_888.cnf,SATISFIABLE,0.0034890174865722656,66,64,1,65,0,0,0.00011899999999975819
puzzle_644.cnf,SATISFIABLE,0.002786874771118164,66,64,1,65,0,0,0.00012799999999968392
puzzle_122.cnf,SATISFIABLE,0.0027320384979248047,66,64,1,65,0,0,0.000124000000000013
puzzle_678.cnf,SATISFIABLE,0.0029277801513671875,66,64,1,65,0,0,0.00013699999999960966
puzzle_903.cnf,SATISFIABLE,0.0025882720947265625,66,64,1,65,0,0,0.000128000000000128
puzzle_917.cnf,SATISFIABLE,0.002804994583129883,66,64,1,65,0,0,0.000124000000000013
puzzle_724.cnf,SATISFIABLE,0.002704143524169922,66,64,1,65,0,0,0.000124000000000013
puzzle_730.cnf,SATISFIABLE,0.0027930736541748047,66,64,1,65,0,0,0.00013199999999979894
puzzle_718.cnf,SATISFIABLE,0.0034990310668945312,66,64,1,65,0,0,0.00011899999999975819
puzzle_283.cnf,SATISFIABLE,0.0027451515197753906,66,64,1,65,0,0,0.00014099999999972468
puzzle_297.cnf,SATISFIABLE,0.0026178359985351562,66,64,1,65,0,0,0.00012600000000029254
puzzle_526.cnf,SATISFIABLE,0.002819061279296875,66,64,1,65,0,0,0.00013799999999974943
puzzle_240.cnf,SATISFIABLE,0.002910137176513672,66,64,1,65,0,0,0.00012100000000003774
puzzle_254.cnf,SATISFIABLE,0.002681732177734375,66,64,1,65,0,0,0.00012500000000015277
puzzle_532.cnf,SATISFIABLE,0.002869129180908203,66,64,1,65,0,0,0.00013299999999993872
puzzle_32.cnf,SATISFIABLE,0.003319978713989258,66,64,1,65,0,0,0.00014099999999972468
puzzle_26.cnf,SATISFIABLE,0.0028290748596191406,66,64,1,65,0,0,0.00012500000000015277
puzzle_268.cnf,SATISFIABLE,0.0027709007263183594,66,64,1,65,0,0,0.000124000000000013
puzzle_30.cnf,SATISFIABLE,0.0026521682739257812,66,64,1,65,0,0,0.00012999999999996348
puzzle_518.cnf,SATISFIABLE,0.002930164337158203,66,64,1,65,0,0,0.00013100000000010326
puzzle_24.cnf,SATISFIABLE,0.0026581287384033203,66,64,1,65,0,0,0.00012699999999998823
puzzle_242.cnf,SATISFIABLE,0.0028290748596191406,66,64,1,65,0,0,0.00012599999999984846
puzzle_524.cnf,SATISFIABLE,0.0034589767456054688,66,64,1,65,0,0,0.00011900000000020228
puzzle_530.cnf,SATISFIABLE,0.002862215042114258,66,64,1,65,0,0,0.00012599999999984846
puzzle_18.cnf,SATISFIABLE,0.002937793731689453,66,64,1,65,0,0,0.0001389999999998892
puzzle_256.cnf,SATISFIABLE,0.0028891563415527344,66,64,1,65,0,0,0.000124000000000013
puzzle_281.cnf,SATISFIABLE,0.0027251243591308594,66,64,1,65,0,0,0.00011700000000036681
puzzle_295.cnf,SATISFIABLE,0.002933979034423828,66,64,1,65,0,0,0.00011699999999992272
puzzle_726.cnf,SATISFIABLE,0.0026221275329589844,66,64,1,65,0,0,0.00012600000000029254
puzzle_732.cnf,SATISFIABLE,0.002908945083618164,66,64,1,65,0,0,0.00014100000000016877
puzzle_901.cnf,SATISFIABLE,0.0031769275665283203,66,64,1,65,0,0,0.00014599999999997948
puzzle_915.cnf,SATISFIABLE,0.0028078556060791016,66,64,1,65,0,0,0.0001340000000000785
puzzle_929.cnf,SATISFIABLE,0.0026781558990478516,66,64,1,65,0,0,0.0001340000000000785
puzzle_108.cnf,SATISFIABLE,0.0028100013732910156,66,64,1,65,0,0,0.000128000000000128
puzzle_652.cnf,SATISFIABLE,0.002669095993041992,66,64,1,65,0,0,0.00014300000000000423
puzzle_134.cnf,SATISFIABLE,0.0027315616607666016,66,64,1,65,0,0,0.0001180000000000625
puzzle_120.cnf,SATISFIABLE,0.0028269290924072266,66,64,1,65,0,0,0.00012600000000029254
puzzle_9.cnf,SATISFIABLE,0.0035009384155273438,66,64,1,65,0,0,0.000124000000000013
puzzle_646.cnf,SATISFIABLE,0.002607107162475586,66,64,1,65,0,0,0.000124000000000013
puzzle_875.cnf,SATISFIABLE,0.002888917922973633,66,64,1,65,0,0,0.000124000000000013
puzzle_861.cnf,SATISFIABLE,0.0027649402618408203,66,64,1,65,0,0,0.00011799999999961841
puzzle_691.cnf,SATISFIABLE,0.002849102020263672,66,64,1,65,0,0,0.0001340000000000785
puzzle_849.cnf,SATISFIABLE,0.002821207046508789,66,64,1,65,0,0,0.000124000000000013
puzzle_685.cnf,SATISFIABLE,0.0029082298278808594,66,64,1,65,0,0,0.00012500000000015277
puzzle_478.cnf,SATISFIABLE,0.0035619735717773438,66,64,1,65,0,0,0.000128000000000128
puzzle_336.cnf,SATISFIABLE,0.0028700828552246094,66,64,1,65,0,0,0.00013099999999965917
puzzle_450.cnf,SATISFIABLE,0.0027120113372802734,66,64,1,65,0,0,0.00011999999999989797
puzzle_444.cnf,SATISFIABLE,0.002897024154663086,66,64,1,65,0,0,0.00013199999999979894
puzzle_322.cnf,SATISFIABLE,0.0027604103088378906,66,64,1,65,0,0,0.00013299999999993872
puzzle_493.cnf,SATISFIABLE,0.003008127212524414,66,64,1,65,0,0,0.0001289999999998237
puzzle_487.cnf,SATISFIABLE,0.002783060073852539,66,64,1,65,0,0,0.00013800000000019352
puzzle_486.cnf,SATISFIABLE,0.003590106964111328,66,64,1,65,0,0,0.00012999999999996348
puzzle_492.cnf,SATISFIABLE,0.002843141555786133,66,64,1,65,0,0,0.0001180000000000625
puzzle_445.cnf,SATISFIABLE,0.002974987030029297,66,64,1,65,0,0,0.000124000000000013
puzzle_323.cnf,SATISFIABLE,0.0029129981994628906,66,64,1,65,0,0,0.0001180000000000625
puzzle_337.cnf,SATISFIABLE,0.002811908721923828,66,64,1,65,0,0,0.00011899999999975819
puzzle_451.cnf,SATISFIABLE,0.0027408599853515625,66,64,1,65,0,0,0.000128000000000128
puzzle_479.cnf,SATISFIABLE,0.0029959678649902344,66,64,1,65,0,0,0.00012599999999984846
puzzle_684.cnf,SATISFIABLE,0.0025391578674316406,66,64,1,65,0,0,0.00012700000000043232
puzzle_848.cnf,SATISFIABLE,0.003634214401245117,66,64,1,65,0,0,0.00012500000000015277
puzzle_690.cnf,SATISFIABLE,0.0028481483459472656,66,64,1,65,0,0,0.000140000000000029
puzzle_860.cnf,SATISFIABLE,0.002887248992919922,66,64,1,65,0,0,0.00013100000000010326
puzzle_874.cnf,SATISFIABLE,0.002669095993041992,66,64,1,65,0,0,0.00013199999999979894
puzzle_121.cnf,SATISFIABLE,0.002946138381958008,66,64,1,65,0,0,0.00013700000000005375
puzzle_647.cnf,SATISFIABLE,0.003039121627807617,66,64,1,65,0,0,0.00012000000000034206
puzzle_8.cnf,SATISFIABLE,0.002913951873779297,66,64,1,65,0,0,0.00013700000000005375
puzzle_653.cnf,SATISFIABLE,0.0036590099334716797,66,64,1,65,0,0,0.00013599999999991397
puzzle_135.cnf,SATISFIABLE,0.002878904342651367,66,64,1,65,0,0,0.00013299999999993872
puzzle_109.cnf,SATISFIABLE,0.0028667449951171875,66,64,1,65,0,0,0.00012999999999996348
puzzle_928.cnf,SATISFIABLE,0.002936124801635742,66,64,1,65,0,0,0.00014100000000016877
puzzle_914.cnf,SATISFIABLE,0.002586841583251953,66,64,1,65,0,0,0.000124000000000013
puzzle_900.cnf,SATISFIABLE,0.002803802490234375,66,64,1,65,0,0,0.00012200000000017752
puzzle_733.cnf,SATISFIABLE,0.0027408599853515625,66,64,1,65,0,0,0.00013200000000024303
puzzle_727.cnf,SATISFIABLE,0.0035190582275390625,66,64,1,65,0,0,0.00013599999999991397
puzzle_294.cnf,SATISFIABLE,0.0028426647186279297,66,64,1,65,0,0,0.00011700000000036681
puzzle_280.cnf,SATISFIABLE,0.002810955047607422,66,64,1,65,0,0,0.00011499999999964317
puzzle_531.cnf,SATISFIABLE,0.002705812454223633,66,64,1,65,0,0,0.000124000000000013
puzzle_257.cnf,SATISFIABLE,0.0028989315032958984,66,64,1,65,0,0,0.00013299999999993872
puzzle_19.cnf,SATISFIABLE,0.002713918685913086,66,64,1,65,0,0,0.00012500000000015277
puzzle_243.cnf,SATISFIABLE,0.002949953079223633,66,64,1,65,0,0,0.0001229999999998732
puzzle_525.cnf,SATISFIABLE,0.0026960372924804688,66,64,1,65,0,0,0.00013700000000005375
puzzle_25.cnf,SATISFIABLE,0.003337860107421875,66,64,1,65,0,0,0.0001340000000000785
puzzle_31.cnf,SATISFIABLE,0.0026559829711914062,66,64,1,65,0,0,0.000124000000000013
puzzle_519.cnf,SATISFIABLE,0.0027921199798583984,66,64,1,65,0,0,0.00013200000000024303
